1,0.070691,0.18546,0.13898,0.14602,0.030707,0.03341,0.1365,0.19742,-0.15608,0.096127,0.17916,0.07917,0.18463,-0.34631,-0.24556,-0.0046221,0.12288,0.18928,0.12789,0.21363,0.012886,0.19014,0.10298,0.21589,-0.27676,0.13392,0.097531,0.12888,0.11718,0.013452,0.10304,0.023352,-0.17544,-0.00117,0.13949,0.21457,0.13333,0.19813,0.094533,-0.31268,0.19926,0.11877,-0.096452,0.13444,0.066272,0.11083,0.13342,-0.087014,0.13071,0.091321,0.054211,0.078129,0.11381,0.17295,0.15961,0.03767,0.14849,0.16911,0.15293,0.14164,0.10514,0.18464,0.070128,-0.12419,0.064755,0.17473,0.18662,0.18271,0.21095,0.043618,0.12936,-0.19988,0.075773,0.06287,0.19932,0.1899,0.053024,0.10402,0.16296,0.14172,0.078358,0.11391,0.16142,-0.0081917,-0.084507,-0.096484,0.097087,-0.21588,0.11152,0.1889,0.13908,0.13174,0.047944,0.97714
0.070691,1,0.031332,-0.027807,-0.027529,0.042973,0.043603,0.29895,0.056321,-0.032285,0.097776,-0.042928,0.056934,0.13925,0.063517,-0.045738,0.027086,0.053004,0.084856,0.0023025,0.070511,-0.027026,0.063283,0.048686,0.067255,0.18724,-0.022813,-0.038826,-0.030257,0.069266,0.033108,-0.01121,0.061361,0.049454,-0.042756,-0.010667,0.095475,0.082306,0.10467,0.0068981,0.053603,0.08096,0.073611,0.0088837,0.090439,0.0086013,-0.040647,0.026463,0.13056,0.011179,0.040114,0.0009017,-0.013082,0.1564,0.001399,0.16504,0.015738,-0.014598,0.028696,0.13936,-0.020267,-0.038124,0.091636,0.069799,-0.010499,0.11004,0.05301,0.1543,0.014674,0.0075438,0.16544,0.013712,-0.029983,0.14081,0.051365,0.011596,0.15381,0.12375,0.2792,0.22891,-0.013303,0.032427,-0.026085,0.059165,0.049634,-0.0087388,0.10795,0.089374,0.02083,0.096851,0.01031,0.037264,0.054777,0.081783,0.072984
0.18546,0.031332,1,0.082573,0.13499,0.020926,0.041343,0.22239,0.019815,-0.02563,0.051925,0.11853,0.090153,0.15747,-0.070057,-0.048798,0.10805,0.074902,0.24272,0.17665,0.44916,0.014113,0.21511,0.16207,0.25368,-0.096366,0.064856,0.037841,0.072494,0.025689,0.026896,0.19322,0.087699,-0.033927,-0.026717,0.29337,0.026988,0.12448,0.37302,0.020626,-0.05789,0.07212,0.043863,0.0176,0.20845,0.018259,0.042491,0.014574,0.02331,0.31128,0.071664,0.085345,0.10553,-0.0080148,0.17917,0.13462,0.018908,0.10426,0.37115,-0.013283,0.018219,0.063873,0.02904,0.03702,-0.0053538,0.078801,0.17562,0.068667,-0.012802,0.30741,0.11297,-0.0023362,-0.023267,0.039192,0.070724,0.093689,0.25936,0.014911,0.094256,0.033668,0.15577,0.052101,0.11911,0.37169,0.0098454,-0.0067638,-0.03909,0.047451,-0.047035,0.10553,0.51502,0.026383,-0.0082194,0.054593,0.19174
0.13898,-0.027807,0.082573,1,0.58352,0.01088,0.0042877,0.0012937,-0.053462,-0.063551,0.036944,0.59624,0.050037,0.01387,-0.1111,-0.065285,0.22143,-0.023093,0.11566,-0.012228,-0.011069,0.35492,0.25108,-0.0024267,-0.031596,-0.15746,0.26811,0.50837,0.5514,-0.0041406,-0.0076668,0.13855,-0.053753,-0.07852,-0.039765,0.23392,-0.034305,-0.029425,0.046097,-0.016279,-0.094511,-0.02892,0.036605,-0.014068,0.2429,-0.0079842,0.77752,-0.0095602,-0.11199,0.24269,-0.016765,0.031979,0.16911,-0.024222,0.69405,0.055445,0.016288,0.018887,0.034506,-0.021717,0.011369,0.49488,0.010733,0.031241,-0.065105,0.065492,0.088017,-0.11008,-0.030992,-0.032748,-0.018774,-0.05302,-0.045339,-0.013972,0.041559,-0.044724,-0.02867,-0.0015839,-0.021979,-0.020566,0.44204,0.013089,0.43846,-0.019914,0.011159,-0.048626,-0.096093,-0.0098376,-0.082336,0.17478,-0.015068,-0.012417,0.066921,0.0068141,0.14873
0.14602,-0.027529,0.13499,0.58352,1,0.01729,0.014059,0.01449,-0.046184,-0.04625,0.059514,0.38941,0.057434,0.028973,-0.099215,-0.051222,0.21108,-0.0075539,0.2149,-3.5191e-07,0.044657,0.23292,0.24774,0.030622,0.0037277,-0.13423,0.36576,0.30863,0.48642,0.014271,-0.0008734,0.35126,-0.03673,-0.054819,-0.029087,0.55447,-0.02966,-0.010646,0.092488,-0.0026996,-0.076805,-0.0099768,0.071397,-0.00089306,0.23867,-0.0028091,0.43627,-0.012914,-0.085788,0.30001,0.0053434,0.041647,0.20952,-0.016308,0.52546,0.070077,0.019618,0.069462,0.039103,-0.015802,0.0689,0.3544,0.025228,0.059903,-0.047288,0.062285,0.12965,-0.080457,-0.020092,-0.014461,0.020798,-0.042413,-0.029796,-0.011285,0.049097,-0.031454,-0.013792,0.015318,-0.014499,-0.010835,0.40577,0.028284,0.43654,-0.0010519,0.0056845,-0.033153,-0.071029,0.0050547,-0.067484,0.18371,0.0094541,-0.010312,0.087631,0.015746,0.15346
0.030707,0.042973,0.020926,0.01088,0.01729,1,0.14536,0.075047,0.035861,-0.024708,0.091324,0.0048823,0.036668,0.059081,-0.037607,-0.0069998,0.062877,0.062197,0.052186,-0.008556,0.0462,0.0032879,0.075161,0.017281,0.075222,-0.0036103,0.025116,0.0020978,0.047688,0.065957,0.31812,0.013188,0.12296,0.0060456,-0.0010321,0.027013,0.043504,0.03532,0.0701,-0.00071035,-0.025652,0.038764,0.023272,0.04832,0.17714,-0.004808,-0.0035826,0.11143,0.013228,0.054311,0.024087,0.060318,0.0039304,0.040202,0.055299,0.14222,0.0015603,0.037162,-0.0015461,0.038893,0.0087958,0.0015588,0.073215,0.082383,-0.021017,0.22835,0.048364,0.061964,0.1074,-0.0032935,0.11851,0.056428,0.0051768,0.0016092,0.017265,0.015279,0.03557,0.030462,0.070709,0.055115,0.026223,0.12933,0.0574,0.0080061,0.46733,0.034062,0.013879,0.013999,-0.019201,0.11995,0.0048419,0.012012,0.065331,0.0020379,0.036034
0.03341,0.043603,0.041343,0.0042877,0.014059,0.14536,1,0.088014,0.012867,-0.009373,0.04194,0.014504,0.028588,0.036293,-0.02735,-0.018328,0.021934,0.015488,0.04871,0.038493,0.057813,0.0080456,0.038939,0.043651,0.082124,-0.023319,0.0046804,0.001943,0.017132,0.0023893,0.19649,0.017112,0.1037,-0.019617,-0.010199,0.015739,0.014673,0.043213,0.078088,0.03347,-0.01809,0.02893,0.020709,0.015515,0.065082,0.025133,0.0018924,0.018736,0.013193,0.022864,0.02715,0.0069024,0.030929,0.0059144,0.031379,0.062765,0.004014,0.036655,0.11074,0.0012846,0.022289,-0.0022272,0.022874,0.01705,-0.0027643,0.066867,0.033285,0.038289,0.021619,0.074836,0.052401,0.011901,-0.01109,0.025023,0.04316,0.0069505,0.073867,0.0065007,0.06125,0.0099416,0.017648,0.044136,0.014907,0.035145,0.17778,0.0042901,0.010455,0.015256,-0.015437,0.035042,0.054034,0.012465,0.015479,0.0085214,0.037116
0.1365,0.29895,0.22239,0.0012937,0.01449,0.075047,0.088014,1,0.038121,-0.027146,0.19426,0.012418,0.05623,0.19914,-0.044671,-0.035721,0.043957,0.12725,0.098972,0.058071,0.36497,-0.022908,0.16262,0.18646,0.24481,-0.04882,-0.0087825,-0.015429,0.00099847,0.046231,0.050535,0.032291,0.14954,0.0086283,-0.022144,0.043001,0.07976,0.14196,0.31518,0.05323,-0.039712,0.097971,-0.0012196,0.010259,0.21307,0.036262,-0.012643,0.17708,0.056163,0.12432,0.14043,0.036493,0.0061893,0.048544,0.079607,0.34375,-0.003145,0.073969,0.1062,0.0096238,0.012336,-0.0062844,0.025485,0.039585,0.011165,0.20235,0.12266,0.1486,0.040309,0.13143,0.23791,0.11581,-0.014921,0.022819,0.053059,0.039865,0.37511,0.0057692,0.56708,0.066753,0.02886,0.14431,0.022059,0.28207,0.062634,0.037874,-0.0091686,0.089574,-0.033646,0.063511,0.12958,0.068506,-0.032261,0.034912,0.14217
0.19742,0.056321,0.019815,-0.053462,-0.046184,0.035861,0.012867,0.038121,1,-0.039281,-2.33e-05,-0.065923,0.091424,0.095365,-0.061799,-0.05696,-0.004659,0.17391,0.087777,0.019387,0.062595,-0.041095,0.029032,0.012774,0.16185,-0.036939,-0.041599,-0.050272,-0.036668,0.10499,0.0095737,-0.018342,0.01791,0.045822,0.015314,-0.024043,0.60671,0.11942,0.034287,0.071908,-0.044847,0.075854,-0.0065784,-0.004214,0.001733,0.076982,-0.050246,0.015016,0.10442,-0.019114,0.0012311,0.0095135,-0.028689,0.018674,-0.025421,0.063415,0.0022851,0.011968,0.025674,0.11822,-0.020328,-0.045203,0.21472,0.14867,0.0031945,0.025544,0.11518,0.32095,0.075384,0.046258,0.023089,0.081664,-0.029868,0.028999,-0.00043102,0.031466,0.081682,0.027486,0.079623,0.083714,-0.038382,0.035102,-0.034409,0.033479,0.0050639,-0.0034162,-0.029395,0.059929,-0.050931,0.0079737,0.026807,0.09599,0.013608,0.0051313,0.20973
-0.15608,-0.032285,-0.02563,-0.063551,-0.04625,-0.024708,-0.009373,-0.027146,-0.039281,1,-0.024323,-0.07582,-0.021885,-0.040164,-0.11019,0.0098578,-0.082664,-0.028709,-0.043642,-0.00016717,-0.023397,-0.028409,-0.062348,0.0069402,0.073618,-0.025279,-0.066414,-0.042531,-0.055545,-0.021328,-0.01583,-0.016227,0.56842,-0.045937,-0.050045,-0.026879,-0.035874,-0.024868,-0.028766,-0.013354,-0.085491,-0.023446,-0.05585,-0.046033,-0.062023,-0.013405,-0.053175,-0.027254,0.077385,-0.04228,0.0099246,-0.013181,0.0097924,-0.030075,-0.078499,-0.042138,-0.022639,-0.049335,-0.02829,-0.021451,-0.066333,-0.044343,-0.021138,0.013012,0.70295,-0.038163,-0.001778,0.17692,-0.012192,-0.029335,-0.056205,0.043286,-0.058147,0.022679,0.0075939,-0.027313,-0.027424,-0.020185,-0.015922,-0.036116,-0.046721,-0.0058468,-0.039806,-0.032875,-0.013569,-0.031462,-0.019144,-0.016925,0.0011596,-0.019147,-0.020698,-0.014742,-0.069707,-0.0060382,-0.17535
0.096127,0.097776,0.051925,0.036944,0.059514,0.091324,0.04194,0.19426,-2.33e-05,-0.024323,1,0.0060099,0.048969,0.086682,-0.029598,-0.0217,0.063997,0.092959,0.071635,0.0090153,0.17637,-0.0051342,0.14141,0.096666,0.081684,0.0097916,-0.0037205,-0.0015508,0.022349,0.068243,0.012623,0.038503,0.028812,-0.0032917,-0.030941,0.051793,0.0076867,0.18707,0.17752,0.042223,-0.03861,0.078533,0.024055,0.11171,0.22235,0.0099601,0.013546,0.046108,-0.0082969,0.079449,0.25235,0.014012,0.0078787,0.08281,0.074637,0.213,0.0097863,0.017525,0.020933,0.051189,-0.00061945,0.0043974,0.054733,0.090421,0.022536,0.18276,0.10072,0.043117,0.0016934,0.077354,0.32286,0.10483,0.0042253,0.00024028,0.0089124,0.0038276,0.10675,0.019069,0.09176,0.11366,0.019042,0.13593,0.029741,0.052025,0.017939,0.086758,0.15945,0.077421,0.054635,0.061498,0.049908,0.024025,-0.006869,0.041316,0.095383
0.17916,-0.042928,0.11853,0.59624,0.38941,0.0048823,0.014504,0.012418,-0.065923,-0.07582,0.0060099,1,0.053391,0.0055004,-0.15164,-0.10025,0.13492,-0.031807,0.07962,0.033679,-0.0056415,0.32408,0.15486,0.0265,0.064213,-0.20621,0.1911,0.59948,0.42227,-0.021024,0.0088317,0.10976,-0.0026095,-0.13017,-0.068741,0.10839,-0.047595,-0.011404,0.055483,-0.013556,-0.13342,-0.038465,-0.0023562,-0.027301,0.17252,-0.0061475,0.57927,-0.00488,-0.1251,0.25099,-0.01952,0.040465,0.27274,-0.052811,0.49418,0.022723,0.033221,-0.0073024,0.17936,-0.039646,-0.02599,0.54386,-0.051554,0.013436,-0.082868,0.041014,0.050764,-0.11494,-0.040588,0.010697,-0.05054,-0.071717,-0.086496,-0.0068928,0.18656,-0.034513,0.021357,-0.008064,-0.0098663,-0.024491,0.56184,0.0047947,0.42036,-0.00019017,0.017724,-0.074293,-0.12334,-0.032969,-0.11449,0.13737,0.045074,-0.029511,0.013179,0.0033257,0.18955
0.07917,0.056934,0.090153,0.050037,0.057434,0.036668,0.028588,0.05623,0.091424,-0.021885,0.048969,0.053391,1,0.11529,-0.021695,0.028407,0.1138,0.031434,0.10007,0.034748,0.071224,0.048215,0.11951,0.070561,0.085558,-0.012281,0.042363,0.041377,0.053406,0.063105,0.013299,0.056052,0.017584,0.048145,0.018258,0.077834,0.06325,0.080605,0.097602,0.008417,0.016455,0.064854,0.028966,0.0077904,0.091486,0.0048382,0.042124,0.01893,0.035591,0.07352,0.041978,0.016439,0.06852,0.018344,0.10249,0.081504,0.0076653,0.042518,0.082574,0.026684,0.027027,0.05008,0.12633,0.038777,-0.012603,0.12155,0.084591,0.079377,0.014873,0.057074,0.07163,0.028629,0.031888,0.18183,0.087012,0.052536,0.11392,0.021418,0.026525,0.036666,0.064162,0.052954,0.054571,0.036529,0.0098072,0.019283,-0.0072139,0.016089,-0.024324,0.08222,0.062721,0.063965,0.063922,0.012722,0.082567
0.18463,0.13925,0.15747,0.01387,0.028973,0.059081,0.036293,0.19914,0.095365,-0.040164,0.086682,0.0055004,0.11529,1,-0.021555,-0.032725,0.087992,0.31935,0.17744,0.042954,0.19482,-0.0050924,0.20943,0.056463,0.19225,0.0060192,0.016335,-0.012657,0.015961,0.17703,0.042503,0.024556,0.0723,0.04862,0.0040432,0.050881,0.12821,0.077847,0.19127,0.01584,-0.036971,0.12319,0.036274,-0.026543,0.16266,0.011546,-0.0085792,0.083185,0.089556,0.075534,0.043774,0.02193,0.0095532,0.16123,0.11994,0.22336,0.0020662,0.075397,0.13257,0.17417,0.046147,-0.0099511,0.16492,0.070109,-0.0032863,0.10857,0.12227,0.21133,0.026881,0.086611,0.14529,0.052337,-0.0085426,0.030927,0.021072,0.022496,0.18975,0.17826,0.22447,0.2336,0.010431,0.065423,0.010074,0.11575,0.023221,0.0025939,0.0048501,0.09387,-0.036259,0.06299,0.10772,0.044338,0.071953,0.038989,0.1942
-0.34631,0.063517,-0.070057,-0.1111,-0.099215,-0.037607,-0.02735,-0.044671,-0.061799,-0.11019,-0.029598,-0.15164,-0.021695,-0.021555,1,-0.039565,0.01864,-0.040148,-0.076035,-0.042748,-0.060775,-0.005645,-0.063087,-0.046284,-0.11892,0.55793,-0.10157,-0.093146,-0.097257,-0.027883,-0.028994,-0.052896,-0.14133,0.25866,-0.094934,-0.063796,-0.04255,-0.038171,-0.061308,-0.0015824,0.4878,-0.02965,-0.054232,0.073237,-0.061226,0.015501,-0.099296,-0.059736,0.25201,-0.070134,-0.014922,-0.041262,-0.060335,0.0068079,-0.11231,-0.055732,0.0044364,-0.10138,-0.059363,-0.026693,-0.11862,-0.093809,-0.026822,-0.020837,-0.0668,-0.011517,-0.081709,-0.086404,-0.076979,-0.058352,0.054226,-0.076935,-0.022358,-0.040175,-0.033498,-0.079099,-0.058841,0.0077142,-0.04153,-0.045473,-0.10451,-0.037389,-0.084089,-0.070643,-0.027058,-0.021455,0.14579,-0.020229,0.32309,-0.038881,-0.06024,-0.038444,-0.040133,-0.018127,-0.36509
-0.24556,-0.045738,-0.048798,-0.065285,-0.051222,-0.0069998,-0.018328,-0.035721,-0.05696,0.0098578,-0.0217,-0.10025,0.028407,-0.032725,-0.039565,1,0.34416,-0.045991,-0.044733,-0.032029,-0.034214,0.086686,0.056194,-0.0291,-0.062806,0.008228,-0.056035,-0.045859,-0.044554,-0.022266,-0.0078012,-0.029179,-0.02932,0.27312,-0.049157,-0.033329,-0.058118,-0.040783,0.0017303,-0.0036198,0.069358,-0.026326,-0.045392,0.010929,0.043123,0.018245,-0.054633,-0.043214,-0.051239,-0.040979,-0.020619,-0.024504,-0.022071,-0.0061634,0.034175,-0.040297,-0.022519,-0.06991,-0.04492,-0.017773,-0.079152,-0.056169,0.09792,0.018947,0.0038484,0.034954,-0.018487,-0.052486,-0.049076,-0.052924,0.1188,-0.033807,0.76466,-0.019194,-0.013632,-0.048894,-0.061486,-0.016673,-0.0272,-0.039033,-0.057948,-0.019557,-0.050702,-0.05209,-0.0093106,0.24685,-0.002529,-0.023191,0.01084,0.029547,-0.046616,-0.034402,-0.018206,-0.020369,-0.25905
-0.0046221,0.027086,0.10805,0.22143,0.21108,0.062877,0.021934,0.043957,-0.004659,-0.082664,0.063997,0.13492,0.1138,0.087992,0.01864,0.34416,1,0.014567,0.24485,-0.001011,0.088638,0.19934,0.43315,0.037233,-0.016491,0.039487,0.18763,0.11858,0.23544,0.14248,0.025419,0.12545,-0.0252,0.23934,-0.047032,0.20874,-0.012829,0.040773,0.1937,0.043227,0.28729,0.079613,0.14292,0.046106,0.35329,0.041837,0.17935,0.038439,-0.030415,0.2278,0.058954,0.024675,0.09318,0.08682,0.46877,0.13122,0.021978,0.049373,0.018927,0.046633,0.043111,0.15095,0.33718,0.10444,-0.043076,0.18273,0.28908,-0.027728,0.015351,-0.021699,0.25574,0.0015944,0.395,-0.026285,0.034125,-0.059511,-0.015473,0.12988,-0.0039648,0.045703,0.20539,0.07633,0.16801,0.017558,0.035211,0.11085,0.0036102,0.07777,-0.0072574,0.24836,0.016863,0.048494,0.2105,0.031467,-0.0048121
0.12288,0.053004,0.074902,-0.023093,-0.0075539,0.062197,0.015488,0.12725,0.17391,-0.028709,0.092959,-0.031807,0.031434,0.31935,-0.040148,-0.045991,0.014567,1,0.15426,0.037314,0.26195,-0.04007,0.1571,0.13316,0.25711,-0.034996,-0.00443,-0.036484,-0.02002,0.13579,0.023838,0.028863,0.10067,0.04915,-0.0093844,0.026671,0.19928,0.079853,0.13626,0.061983,-0.071674,0.15365,0.045206,-0.01866,0.085796,0.028681,-0.033466,0.017601,0.10271,0.049887,0.081685,0.07678,-0.0045991,0.018729,0.033721,0.16338,-0.012085,0.17317,0.04037,0.058797,0.090963,-0.030037,0.1055,0.032391,0.021551,0.072733,0.16514,0.30651,0.038816,0.10066,0.10879,0.15029,-0.023103,0.0028265,0.00177,0.025506,0.13484,0.099665,0.069539,0.11467,-0.015193,0.12383,-0.012734,0.11399,0.00033421,0.015559,0.049102,0.21422,-0.034139,0.03539,0.045218,0.088508,-0.0065385,0.056695,0.13274
0.18928,0.084856,0.24272,0.11566,0.2149,0.052186,0.04871,0.098972,0.087777,-0.043642,0.071635,0.07962,0.10007,0.17744,-0.076035,-0.044733,0.24485,0.15426,1,0.03653,0.20401,0.043272,0.36413,0.098466,0.13475,-0.063139,0.23475,0.043358,0.16389,0.11809,0.018357,0.23409,0.018512,0.03307,-0.020361,0.38059,0.076773,0.062521,0.24895,0.058047,-0.024125,0.10418,0.22979,0.007073,0.26571,0.038576,0.059749,0.072757,0.019632,0.34661,0.074758,0.11475,0.10774,0.042412,0.2729,0.18322,0.014345,0.28444,0.04898,0.099073,0.23489,0.084745,0.19734,0.11957,-0.0019217,0.11491,0.28567,0.10852,0.078124,0.071926,0.16924,0.074981,-0.0021903,-0.0086678,0.038278,-0.01179,0.059279,0.10268,0.042958,0.08039,0.18203,0.13591,0.15618,0.085116,0.028752,-0.0015548,-0.029295,0.12689,-0.035981,0.24746,0.094336,0.037275,0.12664,0.0581,0.2008
0.12789,0.0023025,0.17665,-0.012228,-3.5191e-07,-0.008556,0.038493,0.058071,0.019387,-0.00016717,0.0090153,0.033679,0.034748,0.042954,-0.042748,-0.032029,-0.001011,0.037314,0.03653,1,0.10543,-0.024122,0.019088,0.10003,0.29048,-0.065112,-0.021169,-0.018954,-0.018858,-0.010786,0.006245,0.032551,0.11551,-0.040924,-0.022311,0.040617,-0.010993,0.067629,0.24681,0.0064682,-0.042588,0.025658,-0.024769,-0.014469,0.042021,0.0064159,-0.0188,-0.012064,0.038394,0.019607,0.056299,0.0048677,0.017126,-0.013756,0.00026033,0.018046,0.0088237,0.026194,0.2345,-0.0083779,-0.0020394,-0.014633,-0.014714,0.012208,-0.016986,0.015797,0.030787,0.035876,-0.0051285,0.39762,0.031171,-0.020871,-0.022584,0.056837,0.022614,0.036357,0.17955,-0.0079505,0.0062036,0.012499,-0.0023915,0.00081247,-0.0068793,0.056721,-0.0028467,-0.0082924,-0.01456,0.00041163,-0.018485,0.011116,0.45093,0.0040854,-0.027662,0.014243,0.13155
0.21363,0.070511,0.44916,-0.011069,0.044657,0.0462,0.057813,0.36497,0.062595,-0.023397,0.17637,-0.0056415,0.071224,0.19482,-0.060775,-0.034214,0.088638,0.26195,0.20401,0.10543,1,-0.037885,0.24454,0.22509,0.34427,-0.070439,-0.0047275,-0.038583,-0.0030579,0.059671,0.015289,0.12344,0.16207,0.043688,-0.038096,0.15316,0.079299,0.1962,0.48966,0.085462,-0.062804,0.19038,0.039543,0.043772,0.23919,0.046258,-0.03206,0.10385,0.04988,0.19485,0.24026,0.073081,0.033363,0.028131,0.096978,0.25414,0.012953,0.13608,0.31048,0.020746,0.036649,-0.027135,0.082477,0.047287,0.058862,0.14326,0.21558,0.19939,0.01177,0.34833,0.31644,0.098633,0.012246,0.02996,0.033726,0.053898,0.3596,0.017077,0.1964,0.074068,0.025698,0.1447,0.023469,0.3648,0.0017234,0.08457,0.01685,0.22048,0.0040812,0.11123,0.37028,0.079181,-0.018715,0.11005,0.21991
0.012886,-0.027026,0.014113,0.35492,0.23292,0.0032879,0.0080456,-0.022908,-0.041095,-0.028409,-0.0051342,0.32408,0.048215,-0.0050924,-0.005645,0.086686,0.19934,-0.04007,0.043272,-0.024122,-0.037885,1,0.11866,-0.006174,-0.041367,-0.046066,0.11337,0.37626,0.25509,-0.014585,-0.0040262,0.090587,-0.041779,0.027701,-0.026739,0.093071,-0.036644,-0.0065669,0.014056,-0.015944,0.041815,-0.018627,-0.0092437,0.001126,0.094507,-0.011902,0.38127,-0.019792,-0.050541,0.093235,-0.020847,0.020342,0.23001,0.002909,0.31833,-0.0033259,0.026285,-0.022876,0.0047607,-0.024209,-0.032751,0.29831,0.037588,0.015895,-0.035863,0.044702,0.022228,-0.075966,-0.016256,-0.044378,-0.0075893,-0.040361,0.072693,-0.00987,0.12321,-0.047657,-0.041637,0.00013188,-0.027742,-0.016071,0.27962,-0.0040517,0.22144,-0.03194,-0.0047018,-0.0061798,-0.045562,-0.016862,-0.030401,0.10539,-0.033193,-0.019779,0.058008,-0.0076768,0.013486
0.19014,0.063283,0.21511,0.25108,0.24774,0.075161,0.038939,0.16262,0.029032,-0.062348,0.14141,0.15486,0.11951,0.20943,-0.063087,0.056194,0.43315,0.1571,0.36413,0.019088,0.24454,0.11866,1,0.084268,0.08858,-0.047433,0.23416,0.1121,0.25381,0.23594,0.015912,0.14883,0.023853,0.083295,-0.043086,0.25582,0.044453,0.06512,0.25354,0.052726,0.018002,0.12898,0.23865,-0.0098437,0.41606,0.034295,0.1711,0.13544,0.002619,0.30754,0.12204,0.056819,0.081117,0.089161,0.50217,0.33989,0.0034571,0.1855,0.057172,0.043127,0.16605,0.13612,0.31955,0.10566,-0.017547,0.18056,0.38238,0.061315,0.036537,0.045054,0.23185,0.072454,0.1131,-0.012546,0.040243,-0.020839,0.060522,0.13259,0.084217,0.093992,0.18957,0.15552,0.17725,0.083639,0.041519,0.044396,-0.018347,0.21997,-0.045439,0.24478,0.098595,0.10492,0.20059,0.11328,0.20055
0.10298,0.048686,0.16207,-0.0024267,0.030622,0.017281,0.043651,0.18646,0.012774,0.0069402,0.096666,0.0265,0.070561,0.056463,-0.046284,-0.0291,0.037233,0.13316,0.098466,0.10003,0.22509,-0.006174,0.084268,1,0.2116,-0.03392,-0.0065054,-0.002618,-0.0036509,0.0069696,0.04271,0.124,0.13362,-0.020804,-0.017839,0.075955,0.018374,0.11717,0.22958,0.097809,-0.03276,0.021231,-0.0017768,0.03941,0.11533,0.079246,-0.011156,0.059817,0.061294,0.090079,0.1529,0.08516,0.071561,-0.0035341,0.036249,0.087014,0.013547,0.10536,0.11044,0.0043953,0.045739,0.0051863,0.0059357,0.018242,0.029366,0.066825,0.11466,0.11556,0.0082278,0.14334,0.1374,0.056965,-0.012941,0.098657,0.085407,0.026762,0.20844,0.010125,0.091219,0.039133,0.037434,0.11658,0.028166,0.18174,0.011832,0.056994,0.12117,0.11184,-0.014039,0.059743,0.14187,0.010438,-0.031837,0.084945,0.10426
0.21589,0.067255,0.25368,-0.031596,0.0037277,0.075222,0.082124,0.24481,0.16185,0.073618,0.081684,0.064213,0.085558,0.19225,-0.11892,-0.062806,-0.016491,0.25711,0.13475,0.29048,0.34427,-0.041367,0.08858,0.2116,1,-0.12771,0.037106,-0.017972,-0.021632,0.039872,0.13383,0.060356,0.40666,-0.04217,0.017694,0.049722,0.19334,0.18671,0.29831,0.18197,-0.13076,0.11056,0.015382,-0.047241,0.086296,0.15095,-0.034435,0.079616,0.19254,0.045497,0.098027,0.053253,0.064581,0.021068,0.016601,0.14912,-0.016847,0.20896,0.37092,0.041787,0.10824,-0.018301,0.0098466,0.035863,0.099968,0.074939,0.11661,0.43502,0.09642,0.41914,0.098407,0.12383,-0.050412,0.048055,0.11306,0.15613,0.4908,0.033078,0.224,0.083032,0.024981,0.084692,-0.016468,0.30063,0.091092,-0.01899,0.015444,0.1233,-0.043479,0.023581,0.35727,0.090833,-0.024375,0.0892,0.22694
-0.27676,0.18724,-0.096366,-0.15746,-0.13423,-0.0036103,-0.023319,-0.04882,-0.036939,-0.025279,0.0097916,-0.20621,-0.012281,0.0060192,0.55793,0.008228,0.039487,-0.034996,-0.063139,-0.065112,-0.070439,-0.046066,-0.047433,-0.03392,-0.12771,1,-0.12459,-0.13046,-0.12668,0.033676,-0.021807,-0.067072,-0.06262,0.22888,-0.116,-0.083226,-0.034228,-0.030234,-0.054273,-0.02483,0.41717,0.023498,-0.012705,0.084195,-0.027719,-0.014604,-0.14218,-0.029371,0.2558,-0.088119,0.0012938,-0.043517,-0.07394,0.14914,-0.13617,-0.010211,0.01493,-0.11043,-0.091991,0.089081,-0.13164,-0.13258,0.077595,0.023574,-0.009117,0.027847,-0.0352,-0.0015038,-0.032516,-0.091005,0.12666,-0.012005,0.015754,-0.041218,-0.040263,-0.059513,-0.080761,0.093776,-0.038806,0.092507,-0.13836,-0.021283,-0.11482,-0.092796,-0.01832,0.021119,0.26392,-0.011294,0.20797,-0.012866,-0.088187,-0.045759,0.030135,-0.015708,-0.29408
0.13392,-0.022813,0.064856,0.26811,0.36576,0.025116,0.0046804,-0.0087825,-0.041599,-0.066414,-0.0037205,0.1911,0.042363,0.016335,-0.10157,-0.056035,0.18763,-0.00443,0.23475,-0.021169,-0.0047275,0.11337,0.23416,-0.0065054,0.037106,-0.12459,1,0.14136,0.34807,0.028692,0.025203,0.16378,-0.042307,-0.061111,-0.034864,0.27005,-0.030216,-0.036926,0.02167,-0.015289,-0.067956,0.010296,0.37886,-0.023106,0.17779,-0.0073355,0.21921,0.0026302,-0.078122,0.18613,-0.020735,0.040346,0.11059,-0.015321,0.37508,0.066164,0.0070129,0.26468,-0.0044144,-0.024493,0.3445,0.1653,0.0050797,0.025983,-0.060043,0.047372,0.11966,-0.059968,0.016605,-0.042414,-0.012608,-0.03177,-0.046341,-0.018681,0.036063,-0.022976,-0.039677,0.001871,-0.019367,-0.012442,0.20627,0.028376,0.15401,0.0014332,0.048907,-0.048889,-0.072464,0.015937,-0.07847,0.094521,-0.021565,-0.018447,0.19997,0.016709,0.14162
0.097531,-0.038826,0.037841,0.50837,0.30863,0.0020978,0.001943,-0.015429,-0.050272,-0.042531,-0.0015508,0.59948,0.041377,-0.012657,-0.093146,-0.045859,0.11858,-0.036484,0.043358,-0.018954,-0.038583,0.37626,0.1121,-0.002618,-0.017972,-0.13046,0.14136,1,0.33525,-0.018366,-0.0053447,0.094907,-0.034932,-0.076713,-0.040586,0.08227,-0.035222,-0.008916,0.00073465,-0.018293,-0.072274,-0.032546,-0.011435,-0.017084,0.11347,-0.0082542,0.57268,-0.01292,-0.095155,0.13041,-0.027077,0.037532,0.25492,-0.033497,0.39916,0.0048035,0.022714,-0.015006,0.046311,-0.028375,-0.02606,0.50003,-0.029421,0.010165,-0.05623,0.022504,0.025894,-0.0979,-0.020866,-0.037023,-0.048459,-0.050763,-0.043237,-0.005898,0.1346,-0.040042,-0.028521,-0.0073857,-0.020715,-0.027651,0.43043,-0.00472,0.32135,-0.024884,0.0025022,-0.046053,-0.08251,-0.028097,-0.070194,0.099536,-0.025263,-0.018778,0.02379,0.00031799,0.10329
0.12888,-0.030257,0.072494,0.5514,0.48642,0.047688,0.017132,0.00099847,-0.036668,-0.055545,0.022349,0.42227,0.053406,0.015961,-0.097257,-0.044554,0.23544,-0.02002,0.16389,-0.018858,-0.0030579,0.25509,0.25381,-0.0036509,-0.021632,-0.12668,0.34807,0.33525,1,0.0043851,0.0062718,0.15823,-0.037948,-0.051453,-0.031705,0.27029,-0.02908,-0.017669,0.043109,-0.0098595,-0.068621,-0.010145,0.10332,-0.01907,0.22918,-0.0029587,0.4679,0.0083685,-0.087888,0.2621,-0.012332,0.052675,0.15214,-0.016824,0.54024,0.061357,0.0098102,0.062168,0.015941,-0.0098595,0.070262,0.39311,0.030228,0.03719,-0.056711,0.067139,0.11778,-0.080253,0.00073312,-0.03717,0.0013604,-0.038653,-0.023556,-0.013072,0.043981,-0.039447,-0.029717,0.0024219,-0.02047,-0.013202,0.37502,0.048691,0.40485,-0.020382,0.029148,-0.039784,-0.080806,-0.0029408,-0.074442,0.16979,-0.02133,-0.015242,0.12265,0.0052753,0.13655
0.11718,0.069266,0.025689,-0.0041406,0.014271,0.065957,0.0023893,0.046231,0.10499,-0.021328,0.068243,-0.021024,0.063105,0.17703,-0.027883,-0.022266,0.14248,0.13579,0.11809,-0.010786,0.059671,-0.014585,0.23594,0.0069696,0.039872,0.033676,0.028692,-0.018366,0.0043851,1,0.023337,0.0034757,0.05217,0.041168,-0.011341,0.012444,0.082159,0.02636,0.041284,0.0021956,-0.022948,0.15437,0.065757,-0.017998,0.10341,-0.0016804,-0.014711,0.021081,0.073798,0.024018,0.011039,0.012631,-0.0074108,0.14723,0.08452,0.27311,-0.0017418,0.042796,-0.0032372,0.024546,0.039505,-0.013307,0.25282,0.043699,-0.017184,0.15862,0.20149,0.065628,-0.00022918,-0.0019996,0.079299,0.050342,0.010273,-0.0015766,0.0051899,0.016475,0.012754,0.61285,0.026352,0.050629,-0.0086066,0.03052,-0.0038699,0.015374,0.0073354,0.013104,-0.01196,0.0388,-0.032585,0.055398,-0.00018516,0.040526,0.084445,0.0083013,0.12253
0.013452,0.033108,0.026896,-0.0076668,-0.0008734,0.31812,0.19649,0.050535,0.0095737,-0.01583,0.012623,0.0088317,0.013299,0.042503,-0.028994,-0.0078012,0.025419,0.023838,0.018357,0.006245,0.015289,-0.0040262,0.015912,0.04271,0.13383,-0.021807,0.025203,-0.0053447,0.0062718,0.023337,1,0.0075088,0.35749,-0.019171,-0.011542,0.005045,0.033858,0.047492,0.036073,0.0063472,-0.029433,0.020869,-0.0063291,-0.0018596,0.11036,0.0070396,-0.0081633,0.028166,0.02209,0.039086,0.0025923,0.038955,0.01782,0.0034329,0.0077675,0.068682,0.00028429,0.021861,0.010901,-0.0046897,0.0069844,-0.0026219,0.0028751,0.013605,-0.016485,0.1167,0.019762,0.082248,0.022408,0.0098217,0.053508,0.026446,-0.0065383,0.07356,0.044089,0.12193,0.073491,0.015577,0.025439,0.0038578,0.0042861,0.095881,0.01971,0.01535,0.71686,-0.011743,-0.0033456,0.024016,-0.024413,0.028606,0.016571,0.016378,-0.0027118,0.0062601,0.018937
0.10304,-0.01121,0.19322,0.13855,0.35126,0.013188,0.017112,0.032291,-0.018342,-0.016227,0.038503,0.10976,0.056052,0.024556,-0.052896,-0.029179,0.12545,0.028863,0.23409,0.032551,0.12344,0.090587,0.14883,0.124,0.060356,-0.067072,0.16378,0.094907,0.15823,0.0034757,0.0075088,1,-0.00608,-0.024233,-0.017199,0.5562,-0.0062423,0.033776,0.19247,0.037898,-0.019174,0.0093907,0.037239,0.055828,0.14766,0.022507,0.088787,0.0013082,-0.025759,0.23475,0.052848,0.058908,0.24371,-0.010286,0.20131,0.042039,0.045396,0.11665,0.045329,-0.014443,0.10479,0.12043,0.025281,0.042732,-0.018383,0.046102,0.087548,-0.018839,0.0089821,0.039048,0.076045,-0.0056621,-0.016424,0.0038595,0.12857,-0.0081194,0.027571,0.016217,0.0024307,0.0060505,0.24175,0.045104,0.19172,0.049387,0.0041304,0.012365,-0.030215,0.02864,-0.030582,0.14724,0.068371,-0.0088079,0.022346,0.030656,0.10706
0.023352,0.061361,0.087699,-0.053753,-0.03673,0.12296,0.1037,0.14954,0.01791,0.56842,0.028812,-0.0026095,0.017584,0.0723,-0.14133,-0.02932,-0.0252,0.10067,0.018512,0.11551,0.16207,-0.041779,0.023853,0.13362,0.40666,-0.06262,-0.042307,-0.034932,-0.037948,0.05217,0.35749,-0.00608,1,-0.069877,-0.057669,-0.020074,0.055867,0.096995,0.14196,0.11749,-0.13267,0.039299,-0.03048,-0.033969,0.076621,0.083419,-0.050622,0.049702,0.15807,0.011588,0.12506,0.024916,0.032964,0.058391,-0.025977,0.083579,-0.016834,0.012744,0.12141,0.0073514,-0.018205,-0.028499,-0.0063673,0.034355,0.45791,0.057767,0.083371,0.37809,0.02224,0.11218,0.076867,0.073278,-0.060626,0.049874,0.069656,0.10088,0.22731,0.053867,0.15397,0.056263,-0.014739,0.079886,-0.021769,0.11225,0.28669,-1.9521e-05,0.055348,0.17245,-0.044493,0.014314,0.12293,0.0089337,-0.066435,0.13084,0.015677
-0.17544,0.049454,-0.033927,-0.07852,-0.054819,0.0060456,-0.019617,0.0086283,0.045822,-0.045937,-0.0032917,-0.13017,0.048145,0.04862,0.25866,0.27312,0.23934,0.04915,0.03307,-0.040924,0.043688,0.027701,0.083295,-0.020804,-0.04217,0.22888,-0.061111,-0.076713,-0.051453,0.041168,-0.019171,-0.024233,-0.069877,1,0.011244,-0.018519,0.020444,-0.0067018,0.044232,-0.020577,0.28305,0.13898,-0.012912,0.011619,0.025225,-0.01552,-0.076527,-0.026461,0.083435,-0.026104,-0.0085624,-0.025569,-0.040093,0.077197,-0.0028763,0.014856,-0.015381,-0.036934,-0.024569,0.0424,-0.072889,-0.071736,0.23859,0.027324,0.030341,0.065155,0.0565,0.040761,-0.031524,-0.038998,0.1198,-0.0021547,0.30333,-0.03131,-0.024346,-0.047442,-0.031347,0.063717,-0.027899,0.035588,-0.068258,0.019694,-0.048967,-0.034326,-0.0054884,0.082534,0.03848,0.030021,0.098167,0.055363,-0.048377,0.0034872,0.099836,-0.012546,-0.17935
-0.00117,-0.042756,-0.026717,-0.039765,-0.029087,-0.0010321,-0.010199,-0.022144,0.015314,-0.050045,-0.030941,-0.068741,0.018258,0.0040432,-0.094934,-0.049157,-0.047032,-0.0093844,-0.020361,-0.022311,-0.038096,-0.026739,-0.043086,-0.017839,0.017694,-0.116,-0.034864,-0.040586,-0.031705,-0.011341,-0.011542,-0.017199,-0.057669,0.011244,1,-0.022267,-0.03696,0.030082,-0.041901,0.020456,-0.06395,-0.017078,-0.040423,-0.036566,-0.051081,0.019361,-0.037194,-0.016706,-0.019349,-0.033517,-0.024418,-0.0095915,-0.029361,-0.028083,-0.057204,-0.034814,-0.03078,-0.017135,-0.030054,-0.021977,-0.043871,-0.03621,-0.0021391,-0.022741,-0.052562,-0.029832,-0.052581,-0.046257,-0.015014,-0.026018,-0.065941,0.0030201,-0.056553,-0.011981,-0.020616,-0.041175,-0.033004,-0.010891,-0.020402,-0.012131,-0.030723,-0.012386,-0.031212,-0.012072,-0.0076388,-0.047765,-0.080038,-0.01962,-0.084706,-0.029953,-0.0285,0.0068775,0.076567,-0.015377,0.018999
0.13949,-0.010667,0.29337,0.23392,0.55447,0.027013,0.015739,0.043001,-0.024043,-0.026879,0.051793,0.10839,0.077834,0.050881,-0.063796,-0.033329,0.20874,0.026671,0.38059,0.040617,0.15316,0.093071,0.25582,0.075955,0.049722,-0.083226,0.27005,0.08227,0.27029,0.012444,0.005045,0.5562,-0.020074,-0.018519,-0.022267,1,-0.0065913,0.022481,0.21371,0.014495,-0.03213,0.013647,0.10874,0.057303,0.2407,0.0060976,0.12597,-0.0034737,-0.044776,0.40037,0.037632,0.054189,0.21276,-0.010598,0.33896,0.069446,0.045052,0.13348,0.066752,-0.0075498,0.09942,0.14323,0.046613,0.055321,-0.025843,0.05891,0.1585,-0.038446,-0.0057914,0.032932,0.090731,-0.024095,-0.014162,-0.0019812,0.07356,-0.0093148,0.025874,0.01419,0.00037438,0.0021523,0.27426,0.052736,0.25359,0.035014,0.0038187,0.0058731,-0.041072,0.023173,-0.034481,0.19252,0.099522,-0.0094634,0.06461,0.02418,0.14504
0.21457,0.095475,0.026988,-0.034305,-0.02966,0.043504,0.014673,0.07976,0.60671,-0.035874,0.0076867,-0.047595,0.06325,0.12821,-0.04255,-0.058118,-0.012829,0.19928,0.076773,-0.010993,0.079299,-0.036644,0.044453,0.018374,0.19334,-0.034228,-0.030216,-0.035222,-0.02908,0.082159,0.033858,-0.0062423,0.055867,0.020444,-0.03696,-0.0065913,1,0.04898,0.033062,-0.00093196,-0.047362,0.080966,-0.0048343,-0.038372,0.014352,-0.001001,-0.037652,0.014814,0.14086,-0.0019353,0.0026007,0.012007,-0.014003,0.012986,-0.0049168,0.067892,-0.018979,0.021359,0.017621,0.085643,-0.0078846,-0.032847,0.1614,0.10843,0.028963,0.031601,0.11938,0.42954,0.057658,0.017015,0.021627,0.060492,-0.035706,0.018678,0.021245,0.051641,0.07678,0.032473,0.15219,0.073767,-0.0238,0.021,-0.023039,0.036176,0.011182,-0.027171,-0.029148,0.10916,-0.037274,0.010805,0.0085791,0.066842,-0.00052459,0.032804,0.22655
0.13333,0.082306,0.12448,-0.029425,-0.010646,0.03532,0.043213,0.14196,0.11942,-0.024868,0.18707,-0.011404,0.080605,0.077847,-0.038171,-0.040783,0.040773,0.079853,0.062521,0.067629,0.1962,-0.0065669,0.06512,0.11717,0.18671,-0.030234,-0.036926,-0.008916,-0.017669,0.02636,0.047492,0.033776,0.096995,-0.0067018,0.030082,0.022481,0.04898,1,0.20876,0.2216,-0.015906,0.075154,0.0019076,0.21093,0.094774,0.22604,-0.029782,0.033234,0.035257,0.028267,0.099837,0.028112,0.052793,0.003284,0.0077594,0.087968,0.065605,0.027198,0.11051,0.047061,-0.016753,-0.020982,0.028921,0.063563,0.012852,0.075276,0.077615,0.12434,0.0026137,0.12251,0.18434,0.042454,-0.022233,0.16992,0.086901,0.14573,0.20153,0.045286,0.13633,0.045819,0.014978,0.048283,-0.0071375,0.11505,0.013236,0.16049,0.0055937,0.095706,-0.015467,0.031177,0.17453,0.031573,-0.011842,0.07301,0.13528
0.19813,0.10467,0.37302,0.046097,0.092488,0.0701,0.078088,0.31518,0.034287,-0.028766,0.17752,0.055483,0.097602,0.19127,-0.061308,0.0017303,0.1937,0.13626,0.24895,0.24681,0.48966,0.014056,0.25354,0.22958,0.29831,-0.054273,0.02167,0.00073465,0.043109,0.041284,0.036073,0.19247,0.14196,0.044232,-0.041901,0.21371,0.033062,0.20876,1,0.15892,-0.021407,0.1456,0.043037,0.11681,0.28732,0.12174,0.0050287,0.073738,0.037572,0.23264,0.29045,0.038608,0.082314,0.024398,0.17794,0.19468,0.035271,0.086578,0.27956,0.028466,0.019733,0.023578,0.14095,0.10178,0.019928,0.16087,0.24418,0.12873,0.030065,0.30143,0.40918,0.060743,0.060632,0.023959,0.048949,0.046876,0.34417,0.025131,0.13507,0.067772,0.10952,0.1796,0.096153,0.21591,0.033801,0.18182,0.047868,0.16659,-0.010355,0.26396,0.35635,0.027772,-0.0053201,0.083854,0.19989
0.094533,0.0068981,0.020626,-0.016279,-0.0026996,-0.00071035,0.03347,0.05323,0.071908,-0.013354,0.042223,-0.013556,0.008417,0.01584,-0.0015824,-0.0036198,0.043227,0.061983,0.058047,0.0064682,0.085462,-0.015944,0.052726,0.097809,0.18197,-0.02483,-0.015289,-0.018293,-0.0098595,0.0021956,0.0063472,0.037898,0.11749,-0.020577,0.020456,0.014495,-0.00093196,0.2216,0.15892,1,-0.021638,0.012608,0.003142,0.01688,0.068093,0.82415,-0.017705,0.0097854,0.069612,0.040913,0.22065,0.0054788,0.012768,-0.0070541,0.0187,0.045411,0.011425,0.0071143,0.025101,-0.0073266,0.0027451,-0.018494,-0.00065906,0.011183,0.012954,0.025084,0.038623,0.10815,-0.0059946,0.030387,0.10511,0.05865,0.00094268,0.012927,0.022546,0.0083054,0.077277,0.058445,0.018723,0.035878,-0.0014397,0.081091,-0.0068981,0.050781,-0.0036676,0.042419,-0.0015025,0.0705,-0.024618,0.017853,0.019496,0.033654,-0.028631,0.016089,0.091832
-0.31268,0.053603,-0.05789,-0.094511,-0.076805,-0.025652,-0.01809,-0.039712,-0.044847,-0.085491,-0.03861,-0.13342,0.016455,-0.036971,0.4878,0.069358,0.28729,-0.071674,-0.024125,-0.042588,-0.062804,0.041815,0.018002,-0.03276,-0.13076,0.41717,-0.067956,-0.072274,-0.068621,-0.022948,-0.029433,-0.019174,-0.13267,0.28305,-0.06395,-0.03213,-0.047362,-0.015906,-0.021407,-0.021638,1,-0.018424,-0.049079,0.068687,-0.010021,-0.012797,-0.079144,-0.042989,0.11567,-0.050584,-0.013975,-0.03374,-0.020696,0.018717,-0.027177,-0.046788,-0.013689,-0.088847,-0.057899,-0.028204,-0.099869,-0.079754,0.08496,-0.0079907,-0.073709,0.034486,-0.019922,-0.11017,-0.053138,-0.065651,0.090232,-0.068913,0.1027,-0.034949,-0.0024278,-0.082554,-0.070334,0.017066,-0.022609,-0.043747,-0.065813,-0.031681,-0.068693,-0.063668,-0.022284,-0.0027638,0.050871,-0.030951,0.16295,0.056494,-0.057816,-0.036275,0.03149,-0.023675,-0.33011
0.19926,0.08096,0.07212,-0.02892,-0.0099768,0.038764,0.02893,0.097971,0.075854,-0.023446,0.078533,-0.038465,0.064854,0.12319,-0.02965,-0.026326,0.079613,0.15365,0.10418,0.025658,0.19038,-0.018627,0.12898,0.021231,0.11056,0.023498,0.010296,-0.032546,-0.010145,0.15437,0.020869,0.0093907,0.039299,0.13898,-0.017078,0.013647,0.080966,0.075154,0.1456,0.012608,-0.018424,1,0.051125,-0.024384,0.064104,0.0044039,-0.033962,0.022343,0.031844,0.033257,0.044417,0.0099707,0.0050321,0.13033,0.037902,0.11523,0.009312,0.029363,0.13947,0.069765,0.026557,-0.026785,0.24102,0.059253,-0.0055792,0.071459,0.11691,0.16699,0.066465,0.084362,0.12644,0.053532,0.0033141,0.0042477,0.0070969,0.071319,0.12128,0.072372,0.011902,0.12754,-0.0036743,0.070796,-0.0056594,0.056999,0.0028495,-0.0044305,0.0006029,0.045929,-0.031026,0.10039,0.064128,0.071538,0.15994,0.0079702,0.20551
0.11877,0.073611,0.043863,0.036605,0.071397,0.023272,0.020709,-0.0012196,-0.0065784,-0.05585,0.024055,-0.0023562,0.028966,0.036274,-0.054232,-0.045392,0.14292,0.045206,0.22979,-0.024769,0.039543,-0.0092437,0.23865,-0.0017768,0.015382,-0.012705,0.37886,-0.011435,0.10332,0.065757,-0.0063291,0.037239,-0.03048,-0.012912,-0.040423,0.10874,-0.0048343,0.0019076,0.043037,0.003142,-0.049079,0.051125,1,0.0053186,0.211,0.0088538,0.017923,0.017745,-0.012537,0.11775,-0.0039057,0.013406,0.017937,0.037325,0.16202,0.11044,-0.0039052,0.27195,-0.022257,0.038613,0.33217,0.0015459,0.081785,0.035641,-0.033987,0.062684,0.14739,0.02573,0.014355,-0.035006,0.072523,0.0048293,-0.024687,-0.022221,0.0072104,-0.032157,-0.029785,0.033537,-0.016144,0.10461,0.02831,0.044863,0.0034651,0.032126,0.011315,-0.0010508,-0.029038,0.14569,-0.045588,0.066354,-0.011508,0.020277,0.19732,0.09572,0.12508
-0.096452,0.0088837,0.0176,-0.014068,-0.00089306,0.04832,0.015515,0.010259,-0.004214,-0.046033,0.11171,-0.027301,0.0077904,-0.026543,0.073237,0.010929,0.046106,-0.01866,0.007073,-0.014469,0.043772,0.001126,-0.0098437,0.03941,-0.047241,0.084195,-0.023106,-0.017084,-0.01907,-0.017998,-0.0018596,0.055828,-0.033969,0.011619,-0.036566,0.057303,-0.038372,0.21093,0.11681,0.01688,0.068687,-0.024384,0.0053186,1,0.08074,0.017203,-0.014968,-0.029769,-0.051727,0.026975,0.056477,-0.0074645,0.026134,-0.022839,0.0019024,-0.016999,0.17625,-0.034859,-0.014288,-0.020581,-0.03948,-0.01668,-0.016113,0.01144,-0.023057,0.064798,-0.00038072,-0.080169,-0.037935,-0.025677,0.32161,-0.032762,0.026895,-0.012752,0.022302,-0.034776,-0.022225,-0.0053085,-0.015939,-0.024274,0.0037955,-0.0025737,-0.0092403,0.0083123,-0.0022551,0.41515,0.10934,0.0079652,0.15888,0.049449,-0.014281,-0.01945,-0.040629,-0.00064003,-0.12223
0.13444,0.090439,0.20845,0.2429,0.23867,0.17714,0.065082,0.21307,0.001733,-0.062023,0.22235,0.17252,0.091486,0.16266,-0.061226,0.043123,0.35329,0.085796,0.26571,0.042021,0.23919,0.094507,0.41606,0.11533,0.086296,-0.027719,0.17779,0.11347,0.22918,0.10341,0.11036,0.14766,0.076621,0.025225,-0.051081,0.2407,0.014352,0.094774,0.28732,0.068093,-0.010021,0.064104,0.211,0.08074,1,0.042672,0.16883,0.15468,-0.012963,0.38866,0.18833,0.047933,0.085201,0.071061,0.43621,0.28488,0.010393,0.11107,0.044159,0.10931,0.081152,0.12881,0.11686,0.11052,-0.021038,0.2951,0.24518,0.052369,0.037033,0.033513,0.38484,0.073183,0.098485,-0.0057738,0.036903,-0.014398,0.074762,0.072331,0.093156,0.11065,0.17927,0.2028,0.18216,0.084283,0.11882,0.10492,0.049617,0.16535,-0.010699,0.20542,0.080785,0.0018063,0.073727,0.1055,0.13921
0.066272,0.0086013,0.018259,-0.0079842,-0.0028091,-0.004808,0.025133,0.036262,0.076982,-0.013405,0.0099601,-0.0061475,0.0048382,0.011546,0.015501,0.018245,0.041837,0.028681,0.038576,0.0064159,0.046258,-0.011902,0.034295,0.079246,0.15095,-0.014604,-0.0073355,-0.0082542,-0.0029587,-0.0016804,0.0070396,0.022507,0.083419,-0.01552,0.019361,0.0060976,-0.001001,0.22604,0.12174,0.82415,-0.012797,0.0044039,0.0088538,0.017203,0.042672,1,-0.0073009,-0.0017315,0.071787,0.031328,0.075324,0.0014546,0.0092991,-0.007686,0.018264,0.034931,0.0089554,0.0035806,0.028467,-0.0044034,-0.00094267,-0.0093291,-0.0014915,0.005855,0.0093609,0.017275,0.028869,0.081525,-0.010629,0.014862,0.066091,0.022953,0.00863,0.018758,0.022145,0.015586,0.077474,0.063837,0.025537,0.031569,0.00014737,0.026733,-0.0029276,0.045234,-0.0020536,0.02684,-0.0070388,0.051954,-0.018612,0.0072624,0.017729,0.033762,-0.019553,0.014994,0.064063
0.11083,-0.040647,0.042491,0.77752,0.43627,-0.0035826,0.0018924,-0.012643,-0.050246,-0.053175,0.013546,0.57927,0.042124,-0.0085792,-0.099296,-0.054633,0.17935,-0.033466,0.059749,-0.0188,-0.03206,0.38127,0.1711,-0.011156,-0.034435,-0.14218,0.21921,0.57268,0.4679,-0.014711,-0.0081633,0.088787,-0.050622,-0.076527,-0.037194,0.12597,-0.037652,-0.029782,0.0050287,-0.017705,-0.079144,-0.033962,0.017923,-0.014968,0.16883,-0.0073009,1,-0.017981,-0.10953,0.14656,-0.028279,0.053718,0.16674,-0.029967,0.56948,0.020171,0.014555,0.005103,0.031832,-0.0286,-0.0039536,0.50279,-0.01561,0.015763,-0.059347,0.035316,0.046867,-0.10731,-0.030122,-0.036424,-0.040795,-0.049396,-0.042077,-0.010842,0.047543,-0.043645,-0.033789,-0.008934,-0.022669,-0.031722,0.40368,0.00024058,0.36314,-0.027402,-0.0010934,-0.049848,-0.092302,-0.01925,-0.077723,0.11498,-0.026419,-0.022626,0.049284,-0.0044034,0.11852
0.13342,0.026463,0.014574,-0.0095602,-0.012914,0.11143,0.018736,0.17708,0.015016,-0.027254,0.046108,-0.00488,0.01893,0.083185,-0.059736,-0.043214,0.038439,0.017601,0.072757,-0.012064,0.10385,-0.019792,0.13544,0.059817,0.079616,-0.029371,0.0026302,-0.01292,0.0083685,0.021081,0.028166,0.0013082,0.049702,-0.026461,-0.016706,-0.0034737,0.014814,0.033234,0.073738,0.0097854,-0.042989,0.022343,0.017745,-0.029769,0.15468,-0.0017315,-0.017981,1,-0.015034,0.032821,0.033893,0.039878,0.004416,0.0095435,0.044086,0.26362,-0.013103,0.05389,-0.01386,-0.010021,0.016341,-0.012562,0.046582,0.023698,0.0033332,0.079686,0.12008,0.053932,0.24478,-0.0076113,0.054501,0.39256,-0.031692,0.013389,0.0027444,0.0044537,0.066191,-0.0086861,0.19324,0.023517,0.010398,0.15161,0.0077084,0.037423,0.10533,0.02497,-0.033694,0.030387,-0.042558,0.13967,-0.013074,-0.0088063,0.016421,-0.00062921,0.14029
-0.087014,0.13056,0.02331,-0.11199,-0.085788,0.013228,0.013193,0.056163,0.10442,0.077385,-0.0082969,-0.1251,0.035591,0.089556,0.25201,-0.051239,-0.030415,0.10271,0.019632,0.038394,0.04988,-0.050541,0.002619,0.061294,0.19254,0.2558,-0.078122,-0.095155,-0.087888,0.073798,0.02209,-0.025759,0.15807,0.083435,-0.019349,-0.044776,0.14086,0.035257,0.037572,0.069612,0.11567,0.031844,-0.012537,-0.051727,-0.012963,0.071787,-0.10953,-0.015034,1,-0.028316,0.067493,-0.0099955,-0.03403,0.088261,-0.085181,0.045665,-0.030145,0.00050854,0.042172,0.086275,-0.023404,-0.086675,0.049943,0.036264,0.10287,0.019454,0.015508,0.40735,0.0045726,0.041509,0.049905,0.030908,-0.036547,0.084806,0.016403,0.050548,0.12501,0.090005,0.07456,0.057616,-0.079256,0.0066124,-0.073208,0.049315,0.006009,-0.040097,0.10905,0.099603,0.074914,0.0099004,0.070611,0.047508,-0.023148,0.053749,-0.081443
0.13071,0.011179,0.31128,0.24269,0.30001,0.054311,0.022864,0.12432,-0.019114,-0.04228,0.079449,0.25099,0.07352,0.075534,-0.070134,-0.040979,0.2278,0.049887,0.34661,0.019607,0.19485,0.093235,0.30754,0.090079,0.045497,-0.088119,0.18613,0.13041,0.2621,0.024018,0.039086,0.23475,0.011588,-0.026104,-0.033517,0.40037,-0.0019353,0.028267,0.23264,0.040913,-0.050584,0.033257,0.11775,0.026975,0.38866,0.031328,0.14656,0.032821,-0.028316,1,0.072909,0.095188,0.10596,0.0021834,0.37719,0.1348,0.019829,0.12509,0.057051,0.0012885,0.073149,0.18957,0.050396,0.07603,-0.024424,0.15072,0.21815,-0.021548,-0.0019918,0.03168,0.13979,-0.0076921,-0.0093226,-0.0019895,0.034674,-0.0068157,0.047059,0.023213,0.023846,0.041352,0.26554,0.13525,0.34309,0.079155,0.036612,0.0060686,-0.043704,0.059635,-0.045283,0.21793,0.07512,-0.0062727,0.037485,0.029427,0.13706
0.091321,0.040114,0.071664,-0.016765,0.0053434,0.024087,0.02715,0.14043,0.0012311,0.0099246,0.25235,-0.01952,0.041978,0.043774,-0.014922,-0.020619,0.058954,0.081685,0.074758,0.056299,0.24026,-0.020847,0.12204,0.1529,0.098027,0.0012938,-0.020735,-0.027077,-0.012332,0.011039,0.0025923,0.052848,0.12506,-0.0085624,-0.024418,0.037632,0.0026007,0.099837,0.29045,0.22065,-0.013975,0.044417,-0.0039057,0.056477,0.18833,0.075324,-0.028279,0.033893,0.067493,0.072909,1,0.0094061,0.0055672,0.023457,0.038062,0.10592,0.011528,0.018667,0.051836,0.024369,-0.0051568,-0.024572,0.0080571,0.064145,0.081781,0.1053,0.061823,0.082293,0.001275,0.0725,0.34717,0.10462,0.016511,0.0092225,0.016972,0.015501,0.08808,0.005459,0.051061,0.073377,0.0013535,0.17328,-0.0017418,0.065188,-0.0037421,0.18413,0.13223,0.12512,0.042334,0.076471,0.080146,0.0083834,-0.040728,0.052934,0.086417
0.054211,0.0009017,0.085345,0.031979,0.041647,0.060318,0.0069024,0.036493,0.0095135,-0.013181,0.014012,0.040465,0.016439,0.02193,-0.041262,-0.024504,0.024675,0.07678,0.11475,0.0048677,0.073081,0.020342,0.056819,0.08516,0.053253,-0.043517,0.040346,0.037532,0.052675,0.012631,0.038955,0.058908,0.024916,-0.025569,-0.0095915,0.054189,0.012007,0.028112,0.038608,0.0054788,-0.03374,0.0099707,0.013406,-0.0074645,0.047933,0.0014546,0.053718,0.039878,-0.0099955,0.095188,0.0094061,1,0.05259,-0.008589,0.041812,0.077797,0.0058821,0.19705,0.014615,-0.0039853,0.08394,0.054041,0.0011254,0.034871,-0.010992,0.037801,0.039897,0.023045,0.030563,0.012447,0.016843,0.027463,-0.019303,0.0058559,0.022998,0.013396,0.026127,0.015799,0.028184,0.026622,0.093025,0.10796,0.11821,0.04371,0.079998,-0.014491,-0.025348,0.081376,-0.026219,0.063843,0.017031,0.00044936,0.013779,0.017484,0.058902
0.078129,-0.013082,0.10553,0.16911,0.20952,0.0039304,0.030929,0.0061893,-0.028689,0.0097924,0.0078787,0.27274,0.06852,0.0095532,-0.060335,-0.022071,0.09318,-0.0045991,0.10774,0.017126,0.033363,0.23001,0.081117,0.071561,0.064581,-0.07394,0.11059,0.25492,0.15214,-0.0074108,0.01782,0.24371,0.032964,-0.040093,-0.029361,0.21276,-0.014003,0.052793,0.082314,0.012768,-0.020696,0.0050321,0.017937,0.026134,0.085201,0.0092991,0.16674,0.004416,-0.03403,0.10596,0.0055672,0.05259,1,-0.013411,0.18655,0.014103,0.045495,0.028884,0.063267,-0.018623,0.010198,0.25356,0.0026641,0.025127,-0.015069,0.049985,0.04259,-0.027666,0.0048552,0.010622,0.0018665,-0.018361,-0.02432,0.0072249,0.55474,-0.012264,0.012416,-0.0010003,-0.0069278,0.0062099,0.36654,0.019771,0.18901,0.0058403,0.0087368,-0.010815,-0.040474,-0.0037091,-0.041361,0.11516,0.043089,-0.012082,0.026573,0.014812,0.080408
0.11381,0.1564,-0.0080148,-0.024222,-0.016308,0.040202,0.0059144,0.048544,0.018674,-0.030075,0.08281,-0.052811,0.018344,0.16123,0.0068079,-0.0061634,0.08682,0.018729,0.042412,-0.013756,0.028131,0.002909,0.089161,-0.0035341,0.021068,0.14914,-0.015321,-0.033497,-0.016824,0.14723,0.0034329,-0.010286,0.058391,0.077197,-0.028083,-0.010598,0.012986,0.003284,0.024398,-0.0070541,0.018717,0.13033,0.037325,-0.022839,0.071061,-0.007686,-0.029967,0.0095435,0.088261,0.0021834,0.023457,-0.008589,-0.013411,1,0.051162,0.17275,0.0086388,-0.020143,-0.010057,0.11326,-0.013433,-0.028828,0.25433,0.059414,-0.030776,0.098366,0.062345,0.036349,0.028684,-0.012123,0.10422,0.013776,0.017736,-0.0088265,0.0007111,-0.011755,0.011055,0.11172,0.051046,0.34974,-0.020713,0.029944,-0.018108,-0.0067721,0.0056984,0.010533,0.076241,0.0040382,-0.015673,0.081352,-0.016199,-0.0040916,0.13559,-0.0069256,0.12001
0.17295,0.001399,0.17917,0.69405,0.52546,0.055299,0.031379,0.079607,-0.025421,-0.078499,0.074637,0.49418,0.10249,0.11994,-0.11231,0.034175,0.46877,0.033721,0.2729,0.00026033,0.096978,0.31833,0.50217,0.036249,0.016601,-0.13617,0.37508,0.39916,0.54024,0.08452,0.0077675,0.20131,-0.025977,-0.0028763,-0.057204,0.33896,-0.0049168,0.0077594,0.17794,0.0187,-0.027177,0.037902,0.16202,0.0019024,0.43621,0.018264,0.56948,0.044086,-0.085181,0.37719,0.038062,0.041812,0.18655,0.051162,1,0.18966,0.024859,0.10851,0.055111,0.0097512,0.097616,0.4182,0.14419,0.077873,-0.05825,0.1599,0.25216,-0.059267,-0.0065721,-0.0077059,0.12731,-0.019349,0.064084,-0.016801,0.066009,-0.050655,0.0084592,0.058522,0.019843,0.025234,0.44424,0.082381,0.39461,0.026663,0.026109,0.0043522,-0.081509,0.057848,-0.083348,0.2563,0.034802,0.018972,0.15372,0.029959,0.18347
0.15961,0.16504,0.13462,0.055445,0.070077,0.14222,0.062765,0.34375,0.063415,-0.042138,0.213,0.022723,0.081504,0.22336,-0.055732,-0.040297,0.13122,0.16338,0.18322,0.018046,0.25414,-0.0033259,0.33989,0.087014,0.14912,-0.010211,0.066164,0.0048035,0.061357,0.27311,0.068682,0.042039,0.083579,0.014856,-0.034814,0.069446,0.067892,0.087968,0.19468,0.045411,-0.046788,0.11523,0.11044,-0.016999,0.28488,0.034931,0.020171,0.26362,0.045665,0.1348,0.10592,0.077797,0.014103,0.17275,0.18966,1,-0.0065512,0.14833,0.055781,0.054114,0.087929,0.019997,0.13995,0.10529,-0.0047486,0.21788,0.19696,0.12263,0.056319,0.062175,0.19508,0.18538,-0.004484,0.001851,0.016692,0.039229,0.13682,0.068623,0.24604,0.10612,0.051735,0.18216,0.053607,0.11396,0.10283,0.025289,0.021798,0.12713,-0.033113,0.15703,0.069305,0.055702,0.049364,0.055275,0.1681
0.03767,0.015738,0.018908,0.016288,0.019618,0.0015603,0.004014,-0.003145,0.0022851,-0.022639,0.0097863,0.033221,0.0076653,0.0020662,0.0044364,-0.022519,0.021978,-0.012085,0.014345,0.0088237,0.012953,0.026285,0.0034571,0.013547,-0.016847,0.01493,0.0070129,0.022714,0.0098102,-0.0017418,0.00028429,0.045396,-0.016834,-0.015381,-0.03078,0.045052,-0.018979,0.065605,0.035271,0.011425,-0.013689,0.009312,-0.0039052,0.17625,0.010393,0.0089554,0.014555,-0.013103,-0.030145,0.019829,0.011528,0.0058821,0.045495,0.0086388,0.024859,-0.0065512,1,-0.01455,0.0055323,-0.010537,-0.022879,0.022271,0.00351,0.0054105,-0.018979,0.0089463,0.010837,-0.030794,-0.0023273,-0.0023246,0.089528,-0.020002,-0.019436,-0.0002684,0.032422,-0.020258,-0.0043934,0.0054657,-0.0045685,0.013829,0.043107,-0.002544,0.023436,-0.0059136,-0.0035487,0.016538,0.072723,-0.0052176,0.01229,0.053164,0.008288,-0.0037048,0.028787,0.0073675,0.028301
0.14849,-0.014598,0.10426,0.018887,0.069462,0.037162,0.036655,0.073969,0.011968,-0.049335,0.017525,-0.0073024,0.042518,0.075397,-0.10138,-0.06991,0.049373,0.17317,0.28444,0.026194,0.13608,-0.022876,0.1855,0.10536,0.20896,-0.11043,0.26468,-0.015006,0.062168,0.042796,0.021861,0.11665,0.012744,-0.036934,-0.017135,0.13348,0.021359,0.027198,0.086578,0.0071143,-0.088847,0.029363,0.27195,-0.034859,0.11107,0.0035806,0.005103,0.05389,0.00050854,0.12509,0.018667,0.19705,0.028884,-0.020143,0.10851,0.14833,-0.01455,1,0.038391,-0.0097613,0.47168,0.0009889,-0.0036934,0.017826,-0.0083481,0.045171,0.11474,0.078598,0.039628,0.073636,0.028737,0.034841,-0.055874,0.0062544,0.010981,0.056871,0.066284,0.0065973,0.052778,0.040919,0.049279,0.084484,0.036242,0.14445,0.043523,-0.034281,-0.055232,0.10257,-0.068615,0.051941,0.087563,0.010013,0.10098,0.045129,0.15891
0.16911,0.028696,0.37115,0.034506,0.039103,-0.0015461,0.11074,0.1062,0.025674,-0.02829,0.020933,0.17936,0.082574,0.13257,-0.059363,-0.04492,0.018927,0.04037,0.04898,0.2345,0.31048,0.0047607,0.057172,0.11044,0.37092,-0.091991,-0.0044144,0.046311,0.015941,-0.0032372,0.010901,0.045329,0.12141,-0.024569,-0.030054,0.066752,0.017621,0.11051,0.27956,0.025101,-0.057899,0.13947,-0.022257,-0.014288,0.044159,0.028467,0.031832,-0.01386,0.042172,0.057051,0.051836,0.014615,0.063267,-0.010057,0.055111,0.055781,0.0055323,0.038391,1,-0.015981,-0.019522,0.03104,0.005153,0.010079,-0.0016548,0.019621,0.059694,0.13458,-0.022746,0.39284,0.038319,-0.020289,-0.024774,0.057573,0.058768,0.053835,0.36508,-0.0017626,0.044968,0.023352,0.078906,0.0014456,0.031475,0.2358,-0.0052837,-0.015734,-0.026106,0.0057372,-0.045055,0.022821,0.40734,0.056724,-0.014156,0.034472,0.17442
0.15293,0.13936,-0.013283,-0.021717,-0.015802,0.038893,0.0012846,0.0096238,0.11822,-0.021451,0.051189,-0.039646,0.026684,0.17417,-0.026693,-0.017773,0.046633,0.058797,0.099073,-0.0083779,0.020746,-0.024209,0.043127,0.0043953,0.041787,0.089081,-0.024493,-0.028375,-0.0098595,0.024546,-0.0046897,-0.014443,0.0073514,0.0424,-0.021977,-0.0075498,0.085643,0.047061,0.028466,-0.0073266,-0.028204,0.069765,0.038613,-0.020581,0.10931,-0.0044034,-0.0286,-0.010021,0.086275,0.0012885,0.024369,-0.0039853,-0.018623,0.11326,0.0097512,0.054114,-0.010537,-0.0097613,-0.015981,1,-0.0080877,-0.02687,0.14586,0.18115,-0.006894,0.060893,0.053516,0.39884,0.020244,-0.0037797,0.2295,0.015826,0.014535,0.015477,-0.0022642,-0.00067602,0.013573,0.048736,-0.00732,0.18917,-0.024168,0.055354,-0.017358,-0.011922,-0.0020653,0.037042,0.14842,0.1495,-0.0028902,0.013638,-0.011079,-0.0039284,0.010828,0.047987,0.15998
0.14164,-0.020267,0.018219,0.011369,0.0689,0.0087958,0.022289,0.012336,-0.020328,-0.066333,-0.00061945,-0.02599,0.027027,0.046147,-0.11862,-0.079152,0.043111,0.090963,0.23489,-0.0020394,0.036649,-0.032751,0.16605,0.045739,0.10824,-0.13164,0.3445,-0.02606,0.070262,0.039505,0.0069844,0.10479,-0.018205,-0.072889,-0.043871,0.09942,-0.0078846,-0.016753,0.019733,0.0027451,-0.099869,0.026557,0.33217,-0.03948,0.081152,-0.00094267,-0.0039536,0.016341,-0.023404,0.073149,-0.0051568,0.08394,0.010198,-0.013433,0.097616,0.087929,-0.022879,0.47168,-0.019522,-0.0080877,1,-0.01094,-0.0068265,0.012982,-0.05596,0.025368,0.073185,0.037814,0.0218,-0.014202,0.0085255,0.020767,-0.062609,-0.019131,-0.0062993,-0.0068705,-0.011742,0.024297,-0.0021216,0.029188,0.026903,0.055102,0.0073438,0.068019,0.020174,-0.043094,-0.078149,0.099639,-0.091812,0.031379,-0.014203,0.011737,0.12837,0.05535,0.1538
0.10514,-0.038124,0.063873,0.49488,0.3544,0.0015588,-0.0022272,-0.0062844,-0.045203,-0.044343,0.0043974,0.54386,0.05008,-0.0099511,-0.093809,-0.056169,0.15095,-0.030037,0.084745,-0.014633,-0.027135,0.29831,0.13612,0.0051863,-0.018301,-0.13258,0.1653,0.50003,0.39311,-0.013307,-0.0026219,0.12043,-0.028499,-0.071736,-0.03621,0.14323,-0.032847,-0.020982,0.023578,-0.018494,-0.079754,-0.026785,0.0015459,-0.01668,0.12881,-0.0093291,0.50279,-0.012562,-0.086675,0.18957,-0.024572,0.054041,0.25356,-0.028828,0.4182,0.019997,0.022271,0.0009889,0.03104,-0.02687,-0.01094,1,-0.01279,0.021335,-0.056514,0.040793,0.044301,-0.091471,-0.020848,-0.030713,-0.039559,-0.04649,-0.04292,-0.0060287,0.10452,-0.036555,-0.020551,-0.0016195,-0.020607,-0.019744,0.5751,0.007611,0.47495,-0.021269,0.0029434,-0.047659,-0.083301,-0.027363,-0.070815,0.1604,-0.018112,-0.017045,0.042357,-0.0012584,0.11185
0.18464,0.091636,0.02904,0.010733,0.025228,0.073215,0.022874,0.025485,0.21472,-0.021138,0.054733,-0.051554,0.12633,0.16492,-0.026822,0.09792,0.33718,0.1055,0.19734,-0.014714,0.082477,0.037588,0.31955,0.0059357,0.0098466,0.077595,0.0050797,-0.029421,0.030228,0.25282,0.0028751,0.025281,-0.0063673,0.23859,-0.0021391,0.046613,0.1614,0.028921,0.14095,-0.00065906,0.08496,0.24102,0.081785,-0.016113,0.11686,-0.0014915,-0.01561,0.046582,0.049943,0.050396,0.0080571,0.0011254,0.0026641,0.25433,0.14419,0.13995,0.00351,-0.0036934,0.005153,0.14586,-0.0068265,-0.01279,1,0.14007,-0.017422,0.10499,0.34252,0.13152,0.092759,-0.011587,0.15999,0.08927,0.16273,-0.020436,0.0017163,-0.044457,-0.0014436,0.21483,0.0013358,0.16919,0.02784,0.090282,0.02609,0.022311,0.01232,0.031092,-0.0065025,0.08132,-0.048727,0.24667,0.00051146,0.27984,0.32718,0.012774,0.19483
0.070128,0.069799,0.03702,0.031241,0.059903,0.082383,0.01705,0.039585,0.14867,0.013012,0.090421,0.013436,0.038777,0.070109,-0.020837,0.018947,0.10444,0.032391,0.11957,0.012208,0.047287,0.015895,0.10566,0.018242,0.035863,0.023574,0.025983,0.010165,0.03719,0.043699,0.013605,0.042732,0.034355,0.027324,-0.022741,0.055321,0.10843,0.063563,0.10178,0.011183,-0.0079907,0.059253,0.035641,0.01144,0.11052,0.005855,0.015763,0.023698,0.036264,0.07603,0.064145,0.034871,0.025127,0.059414,0.077873,0.10529,0.0054105,0.017826,0.010079,0.18115,0.012982,0.021335,0.14007,1,0.038846,0.069119,0.14224,0.11707,0.019061,0.014252,0.14185,0.049447,0.030482,-0.00087965,0.013859,-0.0040574,0.02661,0.035163,0.006096,0.19462,0.066939,0.088525,0.052736,0.0052207,0.013394,0.026954,0.080492,0.05686,0.026337,0.16301,0.018277,0.0094865,0.031464,0.023298,0.071055
-0.12419,-0.010499,-0.0053538,-0.065105,-0.047288,-0.021017,-0.0027643,0.011165,0.0031945,0.70295,0.022536,-0.082868,-0.012603,-0.0032863,-0.0668,0.0038484,-0.043076,0.021551,-0.0019217,-0.016986,0.058862,-0.035863,-0.017547,0.029366,0.099968,-0.009117,-0.060043,-0.05623,-0.056711,-0.017184,-0.016485,-0.018383,0.45791,0.030341,-0.052562,-0.025843,0.028963,0.012852,0.019928,0.012954,-0.073709,-0.0055792,-0.033987,-0.023057,-0.021038,0.0093609,-0.059347,0.0033332,0.10287,-0.024424,0.081781,-0.010992,-0.015069,-0.030776,-0.05825,-0.0047486,-0.018979,-0.0083481,-0.0016548,-0.006894,-0.05596,-0.056514,-0.017422,0.038846,1,-0.01507,0.10668,0.22628,-0.01915,-0.004913,0.029886,0.058239,-0.039423,0.018469,-0.0070321,-0.011456,-0.00046686,-0.019363,0.029796,-0.020209,-0.053117,0.01023,-0.047284,-0.0014317,-0.013347,0.0098201,0.064883,0.075964,0.1176,-0.015218,-0.0019304,-0.020846,-0.071886,0.023064,-0.13983
0.064755,0.11004,0.078801,0.065492,0.062285,0.22835,0.066867,0.20235,0.025544,-0.038163,0.18276,0.041014,0.12155,0.10857,-0.011517,0.034954,0.18273,0.072733,0.11491,0.015797,0.14326,0.044702,0.18056,0.066825,0.074939,0.027847,0.047372,0.022504,0.067139,0.15862,0.1167,0.046102,0.057767,0.065155,-0.029832,0.05891,0.031601,0.075276,0.16087,0.025084,0.034486,0.071459,0.062684,0.064798,0.2951,0.017275,0.035316,0.079686,0.019454,0.15072,0.1053,0.037801,0.049985,0.098366,0.1599,0.21788,0.0089463,0.045171,0.019621,0.060893,0.025368,0.040793,0.10499,0.069119,-0.01507,1,0.12027,0.041425,0.021648,0.015448,0.23757,0.045051,0.067476,0.0063932,0.050069,0.014663,0.07217,0.11569,0.099054,0.066714,0.062834,0.12793,0.088551,0.057058,0.12077,0.066922,0.030362,0.050138,-0.0116,0.12588,0.029076,0.0011885,0.044286,0.0155,0.066557
0.17473,0.05301,0.17562,0.088017,0.12965,0.048364,0.033285,0.12266,0.11518,-0.001778,0.10072,0.050764,0.084591,0.12227,-0.081709,-0.018487,0.28908,0.16514,0.28567,0.030787,0.21558,0.022228,0.38238,0.11466,0.11661,-0.0352,0.11966,0.025894,0.11778,0.20149,0.019762,0.087548,0.083371,0.0565,-0.052581,0.1585,0.11938,0.077615,0.24418,0.038623,-0.019922,0.11691,0.14739,-0.00038072,0.24518,0.028869,0.046867,0.12008,0.015508,0.21815,0.061823,0.039897,0.04259,0.062345,0.25216,0.19696,0.010837,0.11474,0.059694,0.053516,0.073185,0.044301,0.34252,0.14224,0.10668,0.12027,1,0.14204,0.044337,0.079321,0.21293,0.072601,0.037809,0.0066155,0.021841,0.0056741,0.081866,0.14713,0.058784,0.085545,0.10781,0.11069,0.093782,0.088982,0.033794,0.031291,0.088686,0.20641,-0.00067875,0.20529,0.094925,0.098063,0.12369,0.067957,0.18349
0.18662,0.1543,0.068667,-0.11008,-0.080457,0.061964,0.038289,0.1486,0.32095,0.17692,0.043117,-0.11494,0.079377,0.21133,-0.086404,-0.052486,-0.027728,0.30651,0.10852,0.035876,0.19939,-0.075966,0.061315,0.11556,0.43502,-0.0015038,-0.059968,-0.0979,-0.080253,0.065628,0.082248,-0.018839,0.37809,0.040761,-0.046257,-0.038446,0.42954,0.12434,0.12873,0.10815,-0.11017,0.16699,0.02573,-0.080169,0.052369,0.081525,-0.10731,0.053932,0.40735,-0.021548,0.082293,0.023045,-0.027666,0.036349,-0.059267,0.12263,-0.030794,0.078598,0.13458,0.39884,0.037814,-0.091471,0.13152,0.11707,0.22628,0.041425,0.14204,1,0.078876,0.11745,0.12793,0.13153,-0.035209,0.098574,0.027789,0.12173,0.32368,0.05297,0.18813,0.15296,-0.076209,0.075488,-0.070049,0.12744,0.039005,-0.020048,0.081445,0.2958,-0.058706,0.0052201,0.089262,0.11205,-0.011247,0.12902,0.19987
0.18271,0.014674,-0.012802,-0.030992,-0.020092,0.1074,0.021619,0.040309,0.075384,-0.012192,0.0016934,-0.040588,0.014873,0.026881,-0.076979,-0.049076,0.015351,0.038816,0.078124,-0.0051285,0.01177,-0.016256,0.036537,0.0082278,0.09642,-0.032516,0.016605,-0.020866,0.00073312,-0.00022918,0.022408,0.0089821,0.02224,-0.031524,-0.015014,-0.0057914,0.057658,0.0026137,0.030065,-0.0059946,-0.053138,0.066465,0.014355,-0.037935,0.037033,-0.010629,-0.030122,0.24478,0.0045726,-0.0019918,0.001275,0.030563,0.0048552,0.028684,-0.0065721,0.056319,-0.0023273,0.039628,-0.022746,0.020244,0.0218,-0.020848,0.092759,0.019061,-0.01915,0.021648,0.044337,0.078876,1,-0.017943,0.0080384,0.19631,-0.035915,-0.004141,0.0087492,-0.0082916,0.013405,0.0016554,0.08463,0.062394,0.0040031,0.084468,0.00078749,0.00081694,0.036198,-0.02462,-0.038904,0.001672,-0.059843,0.12515,-0.023839,0.022515,0.09597,-0.0046018,0.19004
0.21095,0.0075438,0.30741,-0.032748,-0.014461,-0.0032935,0.074836,0.13143,0.046258,-0.029335,0.077354,0.010697,0.057074,0.086611,-0.058352,-0.052924,-0.021699,0.10066,0.071926,0.39762,0.34833,-0.044378,0.045054,0.14334,0.41914,-0.091005,-0.042414,-0.037023,-0.03717,-0.0019996,0.0098217,0.039048,0.11218,-0.038998,-0.026018,0.032932,0.017015,0.12251,0.30143,0.030387,-0.065651,0.084362,-0.035006,-0.025677,0.033513,0.014862,-0.036424,-0.0076113,0.041509,0.03168,0.0725,0.012447,0.010622,-0.012123,-0.0077059,0.062175,-0.0023246,0.073636,0.39284,-0.0037797,-0.014202,-0.030713,-0.011587,0.014252,-0.004913,0.015448,0.079321,0.11745,-0.017943,1,0.077678,-0.00095522,-0.032479,0.045667,0.034456,0.065643,0.40969,0.0022091,0.044834,0.036435,-0.01459,0.019568,-0.01744,0.20457,-0.007221,-0.0069543,-0.025538,0.02769,-0.022918,0.011806,0.54949,0.041206,-0.037961,0.032052,0.21779
0.043618,0.16544,0.11297,-0.018774,0.020798,0.11851,0.052401,0.23791,0.023089,-0.056205,0.32286,-0.05054,0.07163,0.14529,0.054226,0.1188,0.25574,0.10879,0.16924,0.031171,0.31644,-0.0075893,0.23185,0.1374,0.098407,0.12666,-0.012608,-0.048459,0.0013604,0.079299,0.053508,0.076045,0.076867,0.1198,-0.065941,0.090731,0.021627,0.18434,0.40918,0.10511,0.090232,0.12644,0.072523,0.32161,0.38484,0.066091,-0.040795,0.054501,0.049905,0.13979,0.34717,0.016843,0.0018665,0.10422,0.12731,0.19508,0.089528,0.028737,0.038319,0.2295,0.0085255,-0.039559,0.15999,0.14185,0.029886,0.23757,0.21293,0.12793,0.0080384,0.077678,1,0.088064,0.19259,-0.0028069,0.010436,-0.016054,0.12297,0.067065,0.10559,0.14425,0.004856,0.19256,0.009776,0.069588,0.045636,0.36194,0.22579,0.21213,0.14085,0.16363,0.074178,0.03056,0.0073105,0.093488,0.033185
0.12936,0.013712,-0.0023362,-0.05302,-0.042413,0.056428,0.011901,0.11581,0.081664,0.043286,0.10483,-0.071717,0.028629,0.052337,-0.076935,-0.033807,0.0015944,0.15029,0.074981,-0.020871,0.098633,-0.040361,0.072454,0.056965,0.12383,-0.012005,-0.03177,-0.050763,-0.038653,0.050342,0.026446,-0.0056621,0.073278,-0.0021547,0.0030201,-0.024095,0.060492,0.042454,0.060743,0.05865,-0.068913,0.053532,0.0048293,-0.032762,0.073183,0.022953,-0.049396,0.39256,0.030908,-0.0076921,0.10462,0.027463,-0.018361,0.013776,-0.019349,0.18538,-0.020002,0.034841,-0.020289,0.015826,0.020767,-0.04649,0.08927,0.049447,0.058239,0.045051,0.072601,0.13153,0.19631,-0.00095522,0.088064,1,-0.015731,-0.0061214,-0.012457,0.025972,0.03685,-0.0027869,0.099693,0.063309,-0.029219,0.13295,-0.025602,0.026032,0.011858,0.013894,-0.01541,0.060004,-0.048676,0.076348,-0.019694,0.050622,0.00036781,0.0020008,0.13543
-0.19988,-0.029983,-0.023267,-0.045339,-0.029796,0.0051768,-0.01109,-0.014921,-0.029868,-0.058147,0.0042253,-0.086496,0.031888,-0.0085426,-0.022358,0.76466,0.395,-0.023103,-0.0021903,-0.022584,0.012246,0.072693,0.1131,-0.012941,-0.050412,0.015754,-0.046341,-0.043237,-0.023556,0.010273,-0.0065383,-0.016424,-0.060626,0.30333,-0.056553,-0.014162,-0.035706,-0.022233,0.060632,0.00094268,0.1027,0.0033141,-0.024687,0.026895,0.098485,0.00863,-0.042077,-0.031692,-0.036547,-0.0093226,0.016511,-0.019303,-0.02432,0.017736,0.064084,-0.004484,-0.019436,-0.055874,-0.024774,0.014535,-0.062609,-0.04292,0.16273,0.030482,-0.039423,0.067476,0.037809,-0.035209,-0.035915,-0.032479,0.19259,-0.015731,1,-0.020547,-0.024074,-0.043639,-0.040593,0.016045,-0.022904,-0.017522,-0.038547,0.0024394,-0.02842,-0.034569,-0.011992,0.29438,0.0088965,0.013536,0.0040658,0.05704,-0.030673,-0.0089362,0.0053003,-0.0082326,-0.20865
0.075773,0.14081,0.039192,-0.013972,-0.011285,0.0016092,0.025023,0.022819,0.028999,0.022679,0.00024028,-0.0068928,0.18183,0.030927,-0.040175,-0.019194,-0.026285,0.0028265,-0.0086678,0.056837,0.02996,-0.00987,-0.012546,0.098657,0.048055,-0.041218,-0.018681,-0.005898,-0.013072,-0.0015766,0.07356,0.0038595,0.049874,-0.03131,-0.011981,-0.0019812,0.018678,0.16992,0.023959,0.012927,-0.034949,0.0042477,-0.022221,-0.012752,-0.0057738,0.018758,-0.010842,0.013389,0.084806,-0.0019895,0.0092225,0.0058559,0.0072249,-0.0088265,-0.016801,0.001851,-0.0002684,0.0062544,0.057573,0.015477,-0.019131,-0.0060287,-0.020436,-0.00087965,0.018469,0.0063932,0.0066155,0.098574,-0.004141,0.045667,-0.0028069,-0.0061214,-0.020547,1,0.035633,0.19064,0.22083,-0.0016343,0.018161,0.015294,-0.0072851,0.0028684,-0.005143,0.027131,0.012885,-0.010675,-0.00084139,-0.0047594,-0.026363,-0.0067037,0.070001,0.0071927,-0.024017,-0.00016312,0.078975
0.06287,0.051365,0.070724,0.041559,0.049097,0.017265,0.04316,0.053059,-0.00043102,0.0075939,0.0089124,0.18656,0.087012,0.021072,-0.033498,-0.013632,0.034125,0.00177,0.038278,0.022614,0.033726,0.12321,0.040243,0.085407,0.11306,-0.040263,0.036063,0.1346,0.043981,0.0051899,0.044089,0.12857,0.069656,-0.024346,-0.020616,0.07356,0.021245,0.086901,0.048949,0.022546,-0.0024278,0.0070969,0.0072104,0.022302,0.036903,0.022145,0.047543,0.0027444,0.016403,0.034674,0.016972,0.022998,0.55474,0.0007111,0.066009,0.016692,0.032422,0.010981,0.058768,-0.0022642,-0.0062993,0.10452,0.0017163,0.013859,-0.0070321,0.050069,0.021841,0.027789,0.0087492,0.034456,0.010436,-0.012457,-0.024074,0.035633,1,-0.002297,0.058736,0.0094058,0.069628,0.016904,0.17478,0.0089588,0.055336,0.024667,0.028021,-0.00045287,-0.015945,0.0039922,-0.025207,0.042104,0.055372,0.016941,0.0044974,0.021967,0.065925
0.19932,0.011596,0.093689,-0.044724,-0.031454,0.015279,0.0069505,0.039865,0.031466,-0.027313,0.0038276,-0.034513,0.052536,0.022496,-0.079099,-0.048894,-0.059511,0.025506,-0.01179,0.036357,0.053898,-0.047657,-0.020839,0.026762,0.15613,-0.059513,-0.022976,-0.040042,-0.039447,0.016475,0.12193,-0.0081194,0.10088,-0.047442,-0.041175,-0.0093148,0.051641,0.14573,0.046876,0.0083054,-0.082554,0.071319,-0.032157,-0.034776,-0.014398,0.015586,-0.043645,0.0044537,0.050548,-0.0068157,0.015501,0.013396,-0.012264,-0.011755,-0.050655,0.039229,-0.020258,0.056871,0.053835,-0.00067602,-0.0068705,-0.036555,-0.044457,-0.0040574,-0.011456,0.014663,0.0056741,0.12173,-0.0082916,0.065643,-0.016054,0.025972,-0.043639,0.19064,-0.002297,1,0.17238,-0.010904,0.013876,0.0068854,-0.037439,0.011281,-0.022992,0.063463,0.028478,-0.026329,-0.031401,0.0012006,-0.05863,-0.014925,0.16042,-0.0026254,-0.03771,0.0062078,0.20634
0.1899,0.15381,0.25936,-0.02867,-0.013792,0.03557,0.073867,0.37511,0.081682,-0.027424,0.10675,0.021357,0.11392,0.18975,-0.058841,-0.061486,-0.015473,0.13484,0.059279,0.17955,0.3596,-0.041637,0.060522,0.20844,0.4908,-0.080761,-0.039677,-0.028521,-0.029717,0.012754,0.073491,0.027571,0.22731,-0.031347,-0.033004,0.025874,0.07678,0.20153,0.34417,0.077277,-0.070334,0.12128,-0.029785,-0.022225,0.074762,0.077474,-0.033789,0.066191,0.12501,0.047059,0.08808,0.026127,0.012416,0.011055,0.0084592,0.13682,-0.0043934,0.066284,0.36508,0.013573,-0.011742,-0.020551,-0.0014436,0.02661,-0.00046686,0.07217,0.081866,0.32368,0.013405,0.40969,0.12297,0.03685,-0.040593,0.22083,0.058736,0.17238,1,0.0035963,0.32999,0.073039,0.0042671,0.056915,-0.0026476,0.29136,0.031277,0.00068244,0.010324,0.063411,-0.050417,0.023242,0.29188,0.17516,-0.050887,0.029426,0.19938
0.053024,0.12375,0.014911,-0.0015839,0.015318,0.030462,0.0065007,0.0057692,0.027486,-0.020185,0.019069,-0.008064,0.021418,0.17826,0.0077142,-0.016673,0.12988,0.099665,0.10268,-0.0079505,0.017077,0.00013188,0.13259,0.010125,0.033078,0.093776,0.001871,-0.0073857,0.0024219,0.61285,0.015577,0.016217,0.053867,0.063717,-0.010891,0.01419,0.032473,0.045286,0.025131,0.058445,0.017066,0.072372,0.033537,-0.0053085,0.072331,0.063837,-0.008934,-0.0086861,0.090005,0.023213,0.005459,0.015799,-0.0010003,0.11172,0.058522,0.068623,0.0054657,0.0065973,-0.0017626,0.048736,0.024297,-0.0016195,0.21483,0.035163,-0.019363,0.11569,0.14713,0.05297,0.0016554,0.0022091,0.067065,-0.0027869,0.016045,-0.0016343,0.0094058,-0.010904,0.0035963,1,0.0057173,0.068083,0.0091471,0.022957,0.0036312,0.004793,0.0012426,0.0056019,0.020294,0.019275,-0.007396,0.021591,-0.0049876,0.026376,0.076551,0.0017155,0.058228
0.10402,0.2792,0.094256,-0.021979,-0.014499,0.070709,0.06125,0.56708,0.079623,-0.015922,0.09176,-0.0098663,0.026525,0.22447,-0.04153,-0.0272,-0.0039648,0.069539,0.042958,0.0062036,0.1964,-0.027742,0.084217,0.091219,0.224,-0.038806,-0.019367,-0.020715,-0.02047,0.026352,0.025439,0.0024307,0.15397,-0.027899,-0.020402,0.00037438,0.15219,0.13633,0.13507,0.018723,-0.022609,0.011902,-0.016144,-0.015939,0.093156,0.025537,-0.022669,0.19324,0.07456,0.023846,0.051061,0.028184,-0.0069278,0.051046,0.019843,0.24604,-0.0045685,0.052778,0.044968,-0.00732,-0.0021216,-0.020607,0.0013358,0.006096,0.029796,0.099054,0.058784,0.18813,0.08463,0.044834,0.10559,0.099693,-0.022904,0.018161,0.069628,0.013876,0.32999,0.0057173,1,0.036415,0.0052238,0.047949,-0.012932,0.16619,0.035861,0.004071,-0.018797,0.063539,-0.03001,0.014639,0.043339,0.06845,-0.028596,0.016047,0.10951
0.16296,0.22891,0.033668,-0.020566,-0.010835,0.055115,0.0099416,0.066753,0.083714,-0.036116,0.11366,-0.024491,0.036666,0.2336,-0.045473,-0.039033,0.045703,0.11467,0.08039,0.012499,0.074068,-0.016071,0.093992,0.039133,0.083032,0.092507,-0.012442,-0.027651,-0.013202,0.050629,0.0038578,0.0060505,0.056263,0.035588,-0.012131,0.0021523,0.073767,0.045819,0.067772,0.035878,-0.043747,0.12754,0.10461,-0.024274,0.11065,0.031569,-0.031722,0.023517,0.057616,0.041352,0.073377,0.026622,0.0062099,0.34974,0.025234,0.10612,0.013829,0.040919,0.023352,0.18917,0.029188,-0.019744,0.16919,0.19462,-0.020209,0.066714,0.085545,0.15296,0.062394,0.036435,0.14425,0.063309,-0.017522,0.015294,0.016904,0.0068854,0.073039,0.068083,0.036415,1,0.0054817,0.080384,-0.0038301,0.02877,0.0025399,0.0046629,0.095254,0.099579,-0.018615,0.073207,0.031099,0.021616,0.16203,0.029082,0.17038
0.14172,-0.013303,0.15577,0.44204,0.40577,0.026223,0.017648,0.02886,-0.038382,-0.046721,0.019042,0.56184,0.064162,0.010431,-0.10451,-0.057948,0.20539,-0.015193,0.18203,-0.0023915,0.025698,0.27962,0.18957,0.037434,0.024981,-0.13836,0.20627,0.43043,0.37502,-0.0086066,0.0042861,0.24175,-0.014739,-0.068258,-0.030723,0.27426,-0.0238,0.014978,0.10952,-0.0014397,-0.065813,-0.0036743,0.02831,0.0037955,0.17927,0.00014737,0.40368,0.010398,-0.079256,0.26554,0.0013535,0.093025,0.36654,-0.020713,0.44424,0.051735,0.043107,0.049279,0.078906,-0.024168,0.026903,0.5751,0.02784,0.066939,-0.053117,0.062834,0.10781,-0.076209,0.0040031,-0.01459,0.004856,-0.029219,-0.038547,-0.0072851,0.17478,-0.037439,0.0042671,0.0091471,0.0052238,0.0054817,1,0.054154,0.52262,0.0186,0.02943,-0.035876,-0.081888,-0.0045877,-0.07625,0.35079,0.012623,-0.017815,0.063401,0.012651,0.1495
0.078358,0.032427,0.052101,0.013089,0.028284,0.12933,0.044136,0.14431,0.035102,-0.0058468,0.13593,0.0047947,0.052954,0.065423,-0.037389,-0.019557,0.07633,0.12383,0.13591,0.00081247,0.1447,-0.0040517,0.15552,0.11658,0.084692,-0.021283,0.028376,-0.00472,0.048691,0.03052,0.095881,0.045104,0.079886,0.019694,-0.012386,0.052736,0.021,0.048283,0.1796,0.081091,-0.031681,0.070796,0.044863,-0.0025737,0.2028,0.026733,0.00024058,0.15161,0.0066124,0.13525,0.17328,0.10796,0.019771,0.029944,0.082381,0.18216,-0.002544,0.084484,0.0014456,0.055354,0.055102,0.007611,0.090282,0.088525,0.01023,0.12793,0.11069,0.075488,0.084468,0.019568,0.19256,0.13295,0.0024394,0.0028684,0.0089588,0.011281,0.056915,0.022957,0.047949,0.080384,0.054154,1,0.067345,0.04955,0.096658,0.054972,0.013808,0.084096,-0.017469,0.16623,0.0093786,0.017243,0.018565,0.019378,0.082662
0.11391,-0.026085,0.11911,0.43846,0.43654,0.0574,0.014907,0.022059,-0.034409,-0.039806,0.029741,0.42036,0.054571,0.010074,-0.084089,-0.050702,0.16801,-0.012734,0.15618,-0.0068793,0.023469,0.22144,0.17725,0.028166,-0.016468,-0.11482,0.15401,0.32135,0.40485,-0.0038699,0.01971,0.19172,-0.021769,-0.048967,-0.031212,0.25359,-0.023039,-0.0071375,0.096153,-0.0068981,-0.068693,-0.0056594,0.0034651,-0.0092403,0.18216,-0.0029276,0.36314,0.0077084,-0.073208,0.34309,-0.0017418,0.11821,0.18901,-0.018108,0.39461,0.053607,0.023436,0.036242,0.031475,-0.017358,0.0073438,0.47495,0.02609,0.052736,-0.047284,0.088551,0.093782,-0.070049,0.00078749,-0.01744,0.009776,-0.025602,-0.02842,-0.005143,0.055336,-0.022992,-0.0026476,0.0036312,-0.012932,-0.0038301,0.52262,0.067345,1,-0.0032845,0.054646,-0.034368,-0.065189,-0.012153,-0.059553,0.26625,-0.0017951,-0.014641,0.049661,0.0054965,0.12073
0.16142,0.059165,0.37169,-0.019914,-0.0010519,0.0080061,0.035145,0.28207,0.033479,-0.032875,0.052025,-0.00019017,0.036529,0.11575,-0.070643,-0.05209,0.017558,0.11399,0.085116,0.056721,0.3648,-0.03194,0.083639,0.18174,0.30063,-0.092796,0.0014332,-0.024884,-0.020382,0.015374,0.01535,0.049387,0.11225,-0.034326,-0.012072,0.035014,0.036176,0.11505,0.21591,0.050781,-0.063668,0.056999,0.032126,0.0083123,0.084283,0.045234,-0.027402,0.037423,0.049315,0.079155,0.065188,0.04371,0.0058403,-0.0067721,0.026663,0.11396,-0.0059136,0.14445,0.2358,-0.011922,0.068019,-0.021269,0.022311,0.0052207,-0.0014317,0.057058,0.088982,0.12744,0.00081694,0.20457,0.069588,0.026032,-0.034569,0.027131,0.024667,0.063463,0.29136,0.004793,0.16619,0.02877,0.0186,0.04955,-0.0032845,1,-0.001047,-0.009157,-0.029711,0.072006,-0.05293,0.035181,0.24394,0.095801,-0.018325,0.054188,0.16583
-0.0081917,0.049634,0.0098454,0.011159,0.0056845,0.46733,0.17778,0.062634,0.0050639,-0.013569,0.017939,0.017724,0.0098072,0.023221,-0.027058,-0.0093106,0.035211,0.00033421,0.028752,-0.0028467,0.0017234,-0.0047018,0.041519,0.011832,0.091092,-0.01832,0.048907,0.0025022,0.029148,0.0073354,0.71686,0.0041304,0.28669,-0.0054884,-0.0076388,0.0038187,0.011182,0.013236,0.033801,-0.0036676,-0.022284,0.0028495,0.011315,-0.0022551,0.11882,-0.0020536,-0.0010934,0.10533,0.006009,0.036612,-0.0037421,0.079998,0.0087368,0.0056984,0.026109,0.10283,-0.0035487,0.043523,-0.0052837,-0.0020653,0.020174,0.0029434,0.01232,0.013394,-0.013347,0.12077,0.033794,0.039005,0.036198,-0.007221,0.045636,0.011858,-0.011992,0.012885,0.028021,0.028478,0.031277,0.0012426,0.035861,0.0025399,0.02943,0.096658,0.054646,-0.001047,1,-0.01021,-0.0034592,0.013631,-0.017903,0.10364,-0.006013,-0.0034436,0.048431,0.0037231,-0.0033078
-0.084507,-0.0087388,-0.0067638,-0.048626,-0.033153,0.034062,0.0042901,0.037874,-0.0034162,-0.031462,0.086758,-0.074293,0.019283,0.0025939,-0.021455,0.24685,0.11085,0.015559,-0.0015548,-0.0082924,0.08457,-0.0061798,0.044396,0.056994,-0.01899,0.021119,-0.048889,-0.046053,-0.039784,0.013104,-0.011743,0.012365,-1.9521e-05,0.082534,-0.047765,0.0058731,-0.027171,0.16049,0.18182,0.042419,-0.0027638,-0.0044305,-0.0010508,0.41515,0.10492,0.02684,-0.049848,0.02497,-0.040097,0.0060686,0.18413,-0.014491,-0.010815,0.010533,0.0043522,0.025289,0.016538,-0.034281,-0.015734,0.037042,-0.043094,-0.047659,0.031092,0.026954,0.0098201,0.066922,0.031291,-0.020048,-0.02462,-0.0069543,0.36194,0.013894,0.29438,-0.010675,-0.00045287,-0.026329,0.00068244,0.0056019,0.004071,0.0046629,-0.035876,0.054972,-0.034368,-0.009157,-0.01021,1,0.10964,0.04925,0.027886,0.053582,-0.0039313,-0.023091,-0.043484,0.02339,-0.10236
-0.096484,0.10795,-0.03909,-0.096093,-0.071029,0.013879,0.010455,-0.0091686,-0.029395,-0.019144,0.15945,-0.12334,-0.0072139,0.0048501,0.14579,-0.002529,0.0036102,0.049102,-0.029295,-0.01456,0.01685,-0.045562,-0.018347,0.12117,0.015444,0.26392,-0.072464,-0.08251,-0.080806,-0.01196,-0.0033456,-0.030215,0.055348,0.03848,-0.080038,-0.041072,-0.029148,0.0055937,0.047868,-0.0015025,0.050871,0.0006029,-0.029038,0.10934,0.049617,-0.0070388,-0.092302,-0.033694,0.10905,-0.043704,0.13223,-0.025348,-0.040474,0.076241,-0.081509,0.021798,0.072723,-0.055232,-0.026106,0.14842,-0.078149,-0.083301,-0.0065025,0.080492,0.064883,0.030362,0.088686,0.081445,-0.038904,-0.025538,0.22579,-0.01541,0.0088965,-0.00084139,-0.015945,-0.031401,0.010324,0.020294,-0.018797,0.095254,-0.081888,0.013808,-0.065189,-0.029711,-0.0034592,0.10964,1,0.073685,0.42697,-0.011822,-0.019803,-0.024005,-0.049393,0.029035,-0.11518
0.097087,0.089374,0.047451,-0.0098376,0.0050547,0.013999,0.015256,0.089574,0.059929,-0.016925,0.077421,-0.032969,0.016089,0.09387,-0.020229,-0.023191,0.07777,0.21422,0.12689,0.00041163,0.22048,-0.016862,0.21997,0.11184,0.1233,-0.011294,0.015937,-0.028097,-0.0029408,0.0388,0.024016,0.02864,0.17245,0.030021,-0.01962,0.023173,0.10916,0.095706,0.16659,0.0705,-0.030951,0.045929,0.14569,0.0079652,0.16535,0.051954,-0.01925,0.030387,0.099603,0.059635,0.12512,0.081376,-0.0037091,0.0040382,0.057848,0.12713,-0.0052176,0.10257,0.0057372,0.1495,0.099639,-0.027363,0.08132,0.05686,0.075964,0.050138,0.20641,0.2958,0.001672,0.02769,0.21213,0.060004,0.013536,-0.0047594,0.0039922,0.0012006,0.063411,0.019275,0.063539,0.099579,-0.0045877,0.084096,-0.012153,0.072006,0.013631,0.04925,0.073685,1,0.023053,0.066008,0.014696,0.02885,0.0014237,0.49999,0.10134
-0.21588,0.02083,-0.047035,-0.082336,-0.067484,-0.019201,-0.015437,-0.033646,-0.050931,0.0011596,0.054635,-0.11449,-0.024324,-0.036259,0.32309,0.01084,-0.0072574,-0.034139,-0.035981,-0.018485,0.0040812,-0.030401,-0.045439,-0.014039,-0.043479,0.20797,-0.07847,-0.070194,-0.074442,-0.032585,-0.024413,-0.030582,-0.044493,0.098167,-0.084706,-0.034481,-0.037274,-0.015467,-0.010355,-0.024618,0.16295,-0.031026,-0.045588,0.15888,-0.010699,-0.018612,-0.077723,-0.042558,0.074914,-0.045283,0.042334,-0.026219,-0.041361,-0.015673,-0.083348,-0.033113,0.01229,-0.068615,-0.045055,-0.0028902,-0.091812,-0.070815,-0.048727,0.026337,0.1176,-0.0116,-0.00067875,-0.058706,-0.059843,-0.022918,0.14085,-0.048676,0.0040658,-0.026363,-0.025207,-0.05863,-0.050417,-0.007396,-0.03001,-0.018615,-0.07625,-0.017469,-0.059553,-0.05293,-0.017903,0.027886,0.42697,0.023053,1,-0.022552,-0.031679,-0.033653,-0.07012,-0.0086312,-0.24048
0.11152,0.096851,0.10553,0.17478,0.18371,0.11995,0.035042,0.063511,0.0079737,-0.019147,0.061498,0.13737,0.08222,0.06299,-0.038881,0.029547,0.24836,0.03539,0.24746,0.011116,0.11123,0.10539,0.24478,0.059743,0.023581,-0.012866,0.094521,0.099536,0.16979,0.055398,0.028606,0.14724,0.014314,0.055363,-0.029953,0.19252,0.010805,0.031177,0.26396,0.017853,0.056494,0.10039,0.066354,0.049449,0.20542,0.0072624,0.11498,0.13967,0.0099004,0.21793,0.076471,0.063843,0.11516,0.081352,0.2563,0.15703,0.053164,0.051941,0.022821,0.013638,0.031379,0.1604,0.24667,0.16301,-0.015218,0.12588,0.20529,0.0052201,0.12515,0.011806,0.16363,0.076348,0.05704,-0.0067037,0.042104,-0.014925,0.023242,0.021591,0.014639,0.073207,0.35079,0.16623,0.26625,0.035181,0.10364,0.053582,-0.011822,0.066008,-0.022552,1,0.027764,0.015917,0.12962,0.03065,0.11349
0.1889,0.01031,0.51502,-0.015068,0.0094541,0.0048419,0.054034,0.12958,0.026807,-0.020698,0.049908,0.045074,0.062721,0.10772,-0.06024,-0.046616,0.016863,0.045218,0.094336,0.45093,0.37028,-0.033193,0.098595,0.14187,0.35727,-0.088187,-0.021565,-0.025263,-0.02133,-0.00018516,0.016571,0.068371,0.12293,-0.048377,-0.0285,0.099522,0.0085791,0.17453,0.35635,0.019496,-0.057816,0.064128,-0.011508,-0.014281,0.080785,0.017729,-0.026419,-0.013074,0.070611,0.07512,0.080146,0.017031,0.043089,-0.016199,0.034802,0.069305,0.008288,0.087563,0.40734,-0.011079,-0.014203,-0.018112,0.00051146,0.018277,-0.0019304,0.029076,0.094925,0.089262,-0.023839,0.54949,0.074178,-0.019694,-0.030673,0.070001,0.055372,0.16042,0.29188,-0.0049876,0.043339,0.031099,0.012623,0.0093786,-0.0017951,0.24394,-0.006013,-0.0039313,-0.019803,0.014696,-0.031679,0.027764,1,0.014812,-0.035311,0.039864,0.19544
0.13908,0.037264,0.026383,-0.012417,-0.010312,0.012012,0.012465,0.068506,0.09599,-0.014742,0.024025,-0.029511,0.063965,0.044338,-0.038444,-0.034402,0.048494,0.088508,0.037275,0.0040854,0.079181,-0.019779,0.10492,0.010438,0.090833,-0.045759,-0.018447,-0.018778,-0.015242,0.040526,0.016378,-0.0088079,0.0089337,0.0034872,0.0068775,-0.0094634,0.066842,0.031573,0.027772,0.033654,-0.036275,0.071538,0.020277,-0.01945,0.0018063,0.033762,-0.022626,-0.0088063,0.047508,-0.0062727,0.0083834,0.00044936,-0.012082,-0.0040916,0.018972,0.055702,-0.0037048,0.010013,0.056724,-0.0039284,0.011737,-0.017045,0.27984,0.0094865,-0.020846,0.0011885,0.098063,0.11205,0.022515,0.041206,0.03056,0.050622,-0.0089362,0.0071927,0.016941,-0.0026254,0.17516,0.026376,0.06845,0.021616,-0.017815,0.017243,-0.014641,0.095801,-0.0034436,-0.023091,-0.024005,0.02885,-0.033653,0.015917,0.014812,1,0.10423,-4.5112e-05,0.14657
0.13174,0.054777,-0.0082194,0.066921,0.087631,0.065331,0.015479,-0.032261,0.013608,-0.069707,-0.006869,0.013179,0.063922,0.071953,-0.040133,-0.018206,0.2105,-0.0065385,0.12664,-0.027662,-0.018715,0.058008,0.20059,-0.031837,-0.024375,0.030135,0.19997,0.02379,0.12265,0.084445,-0.0027118,0.022346,-0.066435,0.099836,0.076567,0.06461,-0.00052459,-0.011842,-0.0053201,-0.028631,0.03149,0.15994,0.19732,-0.040629,0.073727,-0.019553,0.049284,0.016421,-0.023148,0.037485,-0.040728,0.013779,0.026573,0.13559,0.15372,0.049364,0.028787,0.10098,-0.014156,0.010828,0.12837,0.042357,0.32718,0.031464,-0.071886,0.044286,0.12369,-0.011247,0.09597,-0.037961,0.0073105,0.00036781,0.0053003,-0.024017,0.0044974,-0.03771,-0.050887,0.076551,-0.028596,0.16203,0.063401,0.018565,0.049661,-0.018325,0.048431,-0.043484,-0.049393,0.0014237,-0.07012,0.12962,-0.035311,0.10423,1,-0.0036527,0.14516
0.047944,0.081783,0.054593,0.0068141,0.015746,0.0020379,0.0085214,0.034912,0.0051313,-0.0060382,0.041316,0.0033257,0.012722,0.038989,-0.018127,-0.020369,0.031467,0.056695,0.0581,0.014243,0.11005,-0.0076768,0.11328,0.084945,0.0892,-0.015708,0.016709,0.00031799,0.0052753,0.0083013,0.0062601,0.030656,0.13084,-0.012546,-0.015377,0.02418,0.032804,0.07301,0.083854,0.016089,-0.023675,0.0079702,0.09572,-0.00064003,0.1055,0.014994,-0.0044034,-0.00062921,0.053749,0.029427,0.052934,0.017484,0.014812,-0.0069256,0.029959,0.055275,0.0073675,0.045129,0.034472,0.047987,0.05535,-0.0012584,0.012774,0.023298,0.023064,0.0155,0.067957,0.12902,-0.0046018,0.032052,0.093488,0.0020008,-0.0082326,-0.00016312,0.021967,0.0062078,0.029426,0.0017155,0.016047,0.029082,0.012651,0.019378,0.0054965,0.054188,0.0037231,0.02339,0.029035,0.49999,-0.0086312,0.03065,0.039864,-4.5112e-05,-0.0036527,1,0.049821
0.97714,0.072984,0.19174,0.14873,0.15346,0.036034,0.037116,0.14217,0.20973,-0.17535,0.095383,0.18955,0.082567,0.1942,-0.36509,-0.25905,-0.0048121,0.13274,0.2008,0.13155,0.21991,0.013486,0.20055,0.10426,0.22694,-0.29408,0.14162,0.10329,0.13655,0.12253,0.018937,0.10706,0.015677,-0.17935,0.018999,0.14504,0.22655,0.13528,0.19989,0.091832,-0.33011,0.20551,0.12508,-0.12223,0.13921,0.064063,0.11852,0.14029,-0.081443,0.13706,0.086417,0.058902,0.080408,0.12001,0.18347,0.1681,0.028301,0.15891,0.17442,0.15998,0.1538,0.11185,0.19483,0.071055,-0.13983,0.066557,0.18349,0.19987,0.19004,0.21779,0.033185,0.13543,-0.20865,0.078975,0.065925,0.20634,0.19938,0.058228,0.10951,0.17038,0.1495,0.082662,0.12073,0.16583,-0.0033078,-0.10236,-0.11518,0.10134,-0.24048,0.11349,0.19544,0.14657,0.14516,0.049821,1
